{"dataset name": "../../../../../datasets/arrowhead_1_vs_2", "accuracy_of_the_boosted_tree_on_test_set": 75.0, "f1_score_of_the_boosted_tree_on_test_set": 72.0, "accuracy_of_the_boosted_tree_on_validation_set": 74.35897435897436, "columns_of_the_non_binarized_data_set": ["V1", "V2", "V3", "V4", "V5", "V6", "V7", "V8", "V9", "V10", "V11", "V12", "V13", "V14", "V15", "V16", "V17", "V18", "V19", "V20", "V21", "V22", "V23", "V24", "V25", "V26", "V27", "V28", "V29", "V30", "V31", "V32", "V33", "V34", "V35", "V36", "V37", "V38", "V39", "V40", "V41", "V42", "V43", "V44", "V45", "V46", "V47", "V48", "V49", "V50", "V51", "V52", "V53", "V54", "V55", "V56", "V57", "V58", "V59", "V60", "V61", "V62", "V63", "V64", "V65", "V66", "V67", "V68", "V69", "V70", "V71", "V72", "V73", "V74", "V75", "V76", "V77", "V78", "V79", "V80", "V81", "V82", "V83", "V84", "V85", "V86", "V87", "V88", "V89", "V90", "V91", "V92", "V93", "V94", "V95", "V96", "V97", "V98", "V99", "V100", "V101", "V102", "V103", "V104", "V105", "V106", "V107", "V108", "V109", "V110", "V111", "V112", "V113", "V114", "V115", "V116", "V117", "V118", "V119", "V120", "V121", "V122", "V123", "V124", "V125", "V126", "V127", "V128", "V129", "V130", "V131", "V132", "V133", "V134", "V135", "V136", "V137", "V138", "V139", "V140", "V141", "V142", "V143", "V144", "V145", "V146", "V147", "V148", "V149", "V150", "V151", "V152", "V153", "V154", "V155", "V156", "V157", "V158", "V159", "V160", "V161", "V162", "V163", "V164", "V165", "V166", "V167", "V168", "V169", "V170", "V171", "V172", "V173", "V174", "V175", "V176", "V177", "V178", "V179", "V180", "V181", "V182", "V183", "V184", "V185", "V186", "V187", "V188", "V189", "V190", "V191", "V192", "V193", "V194", "V195", "V196", "V197", "V198", "V199", "V200", "V201", "V202", "V203", "V204", "V205", "V206", "V207", "V208", "V209", "V210", "V211", "V212", "V213", "V214", "V215", "V216", "V217", "V218", "V219", "V220", "V221", "V222", "V223", "V224", "V225", "V226", "V227", "V228", "V229", "V230", "V231", "V232", "V233", "V234", "V235", "V236", "V237", "V238", "V239", "V240", "V241", "V242", "V243", "V244", "V245", "V246", "V247", "V248", "V249", "label"], "columns_of_the_binarized_data_set": ["X_1", "X_2", "X_3", "X_4", "X_5", "X_6", "X_7", "X_8", "X_9", "X_10", "X_11", "X_12", "X_13", "X_14", "X_15", "X_16", "X_17", "X_18", "X_19", "X_20", "X_21", "X_22", "X_23", "X_24", "X_25", "X_26", "X_27", "y"], "accuracy_for_each_tree_on_test_set": [90.0, 88.88888888888889, 77.77777777777779, 100.0, 88.88888888888889, 100.0, 100.0, 88.88888888888889, 88.88888888888889, 100.0], "f1_score_for_each_tree_on_test_set": [85.71428571428571, 90.9090909090909, 80.00000000000001, 100.0, 80.0, 100.0, 100.0, 88.8888888888889, 90.9090909090909, 100.0], "accuracy_for_each_decision_tree_before_correction_on_validation_set_relative_to_the_boosted_tree": [0.8974358974358975, 0.8974358974358975, 0.8717948717948718, 0.8974358974358975, 0.9230769230769231, 0.8974358974358975, 0.8974358974358975, 0.9230769230769231, 0.9743589743589743, 0.8974358974358975], "number_of_nodes_for_each_tree_before_correction": [13, 11, 11, 13, 13, 13, 13, 13, 15, 13], "accuracy_after_retraining_for_each_rule": [[89.74358974358975, 97.43589743589743, 97.43589743589743, 92.3076923076923], [89.74358974358975, 84.61538461538461, 82.05128205128204, 84.61538461538461, 94.87179487179486], [87.17948717948718, 87.17948717948718, 92.3076923076923, 92.3076923076923, 92.3076923076923, 97.43589743589743], [89.74358974358975, 87.17948717948718, 84.61538461538461, 87.17948717948718, 92.3076923076923], [92.3076923076923, 87.17948717948718, 87.17948717948718, 87.17948717948718], [89.74358974358975, 84.61538461538461, 87.17948717948718, 89.74358974358975, 92.3076923076923], [89.74358974358975, 87.17948717948718, 87.17948717948718, 87.17948717948718, 92.3076923076923], [92.3076923076923, 87.17948717948718, 87.17948717948718, 87.17948717948718], [97.43589743589743, 76.92307692307693], [89.74358974358975, 87.17948717948718, 84.61538461538461, 87.17948717948718, 92.3076923076923]], "accuracy_after_rectification_for_each_rule": [[89.74358974358975, 92.3076923076923, 94.87179487179486, 100.0], [89.74358974358975, 92.3076923076923, 94.87179487179486, 97.43589743589743, 100.0], [87.17948717948718, 89.74358974358975, 92.3076923076923, 94.87179487179486, 97.43589743589743, 100.0], [89.74358974358975, 92.3076923076923, 94.87179487179486, 97.43589743589743, 100.0], [92.3076923076923, 94.87179487179486, 97.43589743589743, 100.0], [89.74358974358975, 92.3076923076923, 94.87179487179486, 97.43589743589743, 100.0], [89.74358974358975, 92.3076923076923, 94.87179487179486, 97.43589743589743, 100.0], [92.3076923076923, 94.87179487179486, 97.43589743589743, 100.0], [97.43589743589743, 100.0], [89.74358974358975, 92.3076923076923, 94.87179487179486, 97.43589743589743, 100.0]], "number_of_nodes_after_rectification_for_each_rule": [[13, 25, 49, 65], [11, 35, 59, 77, 85], [11, 25, 51, 63, 73, 91], [13, 37, 61, 79, 87], [13, 25, 43, 51], [13, 37, 61, 79, 87], [13, 37, 61, 79, 87], [13, 25, 43, 51], [15, 41], [13, 37, 61, 79, 87]], "number_of_nodes_after_retraining_for_each_rule": [[13, 17, 17, 17], [11, 17, 17, 19, 25], [11, 15, 19, 19, 19, 23], [13, 21, 21, 23, 27], [13, 17, 17, 19], [13, 21, 21, 23, 27], [13, 21, 21, 23, 25], [13, 21, 21, 19], [15, 21], [13, 21, 21, 23, 27]], "depth_after_retraining_for_each_rule": [[4, 5, 5, 5], [5, 5, 5, 5, 5], [5, 5, 5, 5, 5, 5], [5, 5, 5, 5, 5], [5, 4, 4, 4], [5, 5, 5, 5, 5], [5, 5, 5, 5, 5], [5, 5, 5, 4], [5, 5], [5, 5, 5, 5, 5]], "depth_after_rectification_for_each_rule": [[4, 10, 11, 11], [5, 11, 12, 12, 12], [5, 9, 11, 11, 11, 11], [5, 11, 12, 12, 12], [5, 11, 11, 11], [5, 11, 12, 12, 12], [5, 11, 12, 12, 12], [5, 11, 11, 11], [5, 11], [5, 11, 12, 12, 12]], "time_retraining_for_each_rule": [[0.05751323699951172, 0.10716748237609863, 0.1362922191619873], [0.0402224063873291, 0.08544063568115234, 0.13564801216125488, 0.18224024772644043], [0.050977468490600586, 0.10728073120117188, 0.15229344367980957, 0.20319843292236328, 0.2509326934814453], [0.040593624114990234, 0.08803462982177734, 0.1627790927886963, 0.1819007396697998], [0.04108262062072754, 0.08946561813354492, 0.13153696060180664], [0.04551362991333008, 0.08850550651550293, 0.14658212661743164, 0.18253087997436523], [0.04158377647399902, 0.08799028396606445, 0.1391143798828125, 0.18750786781311035], [0.03938126564025879, 0.08558273315429688, 0.13072824478149414], [0.041918277740478516], [0.04169273376464844, 0.08716106414794922, 0.1356186866760254, 0.1843118667602539]], "time_rectification_for_each_rule": [[0.00011420249938964844, 8.702278137207031e-05, 9.822845458984375e-05], [7.104873657226562e-05, 8.678436279296875e-05, 0.00011944770812988281, 0.00014019012451171875], [6.651878356933594e-05, 8.225440979003906e-05, 0.0002460479736328125, 0.00011205673217773438, 0.00011992454528808594], [7.081031799316406e-05, 8.988380432128906e-05, 0.00011873245239257812, 0.0001373291015625], [7.224082946777344e-05, 7.128715515136719e-05, 9.679794311523438e-05], [8.7738037109375e-05, 9.250640869140625e-05, 0.00011849403381347656, 0.0001373291015625], [7.700920104980469e-05, 8.726119995117188e-05, 0.00011324882507324219, 0.0001373291015625], [6.747245788574219e-05, 0.00012445449829101562, 9.298324584960938e-05], [8.130073547363281e-05], [7.224082946777344e-05, 8.940696716308594e-05, 0.00012421607971191406, 0.00015091896057128906]], "number_of_different_instances_rectification": [[4, 3, 2, 0], [4, 3, 2, 1, 0], [5, 4, 3, 2, 1, 0], [4, 3, 2, 1, 0], [3, 2, 1, 0], [4, 3, 2, 1, 0], [4, 3, 2, 1, 0], [3, 2, 1, 0], [1, 0], [4, 3, 2, 1, 0]], "number_of_different_instances_retraining": [[4, 1, 1, 3], [4, 6, 7, 6, 2], [5, 5, 3, 3, 3, 1], [4, 5, 6, 5, 3], [3, 5, 5, 5], [4, 6, 5, 4, 3], [4, 5, 5, 5, 3], [3, 5, 5, 5], [1, 9], [4, 5, 6, 5, 3]], "nbinstance_initial": [81, 82, 82, 82, 82, 82, 82, 82, 82, 82], "nbinstance_final": [3084, 3741, 4742, 3741, 2740, 3741, 3741, 2740, 1083, 3741],