{"dataset name": "../../../../../datasets/balance_1_vs_2", "accuracy_of_the_boosted_tree_on_test_set": 94.21487603305785, "f1_score_of_the_boosted_tree_on_test_set": 94.01709401709402, "accuracy_of_the_boosted_tree_on_validation_set": 97.6878612716763, "columns_of_the_non_binarized_data_set": ["Right-Distance", "Left-Weight", "Left-Distance", "Right-Weight", "Class"], "columns_of_the_binarized_data_set": ["X_1", "X_2", "X_3", "X_4", "X_5", "X_6", "X_7", "X_8", "X_9", "X_10", "X_11", "X_12", "X_13", "X_14", "X_15", "X_16", "X_17", "y"], "accuracy_for_each_tree_on_test_set": [87.8048780487805, 90.2439024390244, 87.8048780487805, 85.0, 92.5, 87.5, 90.0, 90.0, 87.5, 90.0], "f1_score_for_each_tree_on_test_set": [88.8888888888889, 88.88888888888889, 88.37209302325581, 82.3529411764706, 90.9090909090909, 86.48648648648648, 90.47619047619048, 92.5925925925926, 87.17948717948718, 91.30434782608695], "accuracy_for_each_decision_tree_before_correction_on_validation_set_relative_to_the_boosted_tree": [0.9132947976878613, 0.9017341040462428, 0.9190751445086706, 0.8959537572254336, 0.8901734104046243, 0.9017341040462428, 0.9190751445086706, 0.9132947976878613, 0.9132947976878613, 0.9248554913294798], "number_of_nodes_for_each_tree_before_correction": [111, 115, 109, 113, 117, 109, 125, 123, 115, 119], "accuracy_after_retraining_for_each_rule": [[91.32947976878613, 91.90751445086705, 94.21965317919076, 94.79768786127167, 95.37572254335261, 95.95375722543352, 95.95375722543352, 95.95375722543352, 96.53179190751445, 94.79768786127167, 95.37572254335261, 95.95375722543352, 95.95375722543352, 97.10982658959537, 97.6878612716763, 97.6878612716763], [90.17341040462428, 92.48554913294798, 93.64161849710982, 94.21965317919076, 95.37572254335261, 95.37572254335261, 95.37572254335261, 96.53179190751445, 97.10982658959537, 95.95375722543352, 95.95375722543352, 95.95375722543352, 95.95375722543352, 95.37572254335261, 95.37572254335261, 95.95375722543352, 96.53179190751445], [91.90751445086705, 91.90751445086705, 94.79768786127167, 95.37572254335261, 95.37572254335261, 93.0635838150289, 93.0635838150289, 95.37572254335261, 93.64161849710982, 95.37572254335261, 93.64161849710982, 94.79768786127167, 94.79768786127167, 95.37572254335261, 94.79768786127167], [89.59537572254335, 93.64161849710982, 93.64161849710982, 94.21965317919076, 95.37572254335261, 95.37572254335261, 95.95375722543352, 95.95375722543352, 95.95375722543352, 95.37572254335261, 95.37572254335261, 94.79768786127167, 95.37572254335261, 95.37572254335261, 95.95375722543352, 95.95375722543352, 96.53179190751445, 95.95375722543352], [89.01734104046243, 92.48554913294798, 93.64161849710982, 94.79768786127167, 94.21965317919076, 94.79768786127167, 94.21965317919076, 94.21965317919076, 94.21965317919076, 94.21965317919076, 93.64161849710982, 93.64161849710982, 95.37572254335261, 94.79768786127167, 95.95375722543352, 95.95375722543352, 96.53179190751445, 96.53179190751445, 96.53179190751445], [90.17341040462428, 93.64161849710982, 94.21965317919076, 93.64161849710982, 95.37572254335261, 94.21965317919076, 94.21965317919076, 94.21965317919076, 94.21965317919076, 94.79768786127167, 94.79768786127167, 95.37572254335261, 95.37572254335261, 95.37572254335261, 94.79768786127167, 95.37572254335261, 95.37572254335261], [91.90751445086705, 93.0635838150289, 93.0635838150289, 93.64161849710982, 93.0635838150289, 94.21965317919076, 97.10982658959537, 95.95375722543352, 95.37572254335261, 95.95375722543352, 95.95375722543352, 96.53179190751445, 97.10982658959537, 97.10982658959537, 97.6878612716763], [91.32947976878613, 92.48554913294798, 92.48554913294798, 93.0635838150289, 94.21965317919076, 94.79768786127167, 94.79768786127167, 92.48554913294798, 93.64161849710982, 94.21965317919076, 93.64161849710982, 93.64161849710982, 94.79768786127167, 94.79768786127167, 95.95375722543352, 95.95375722543352], [91.32947976878613, 91.90751445086705, 94.21965317919076, 94.79768786127167, 94.21965317919076, 93.64161849710982, 92.48554913294798, 93.64161849710982, 94.79768786127167, 94.79768786127167, 96.53179190751445, 94.79768786127167, 95.37572254335261, 95.95375722543352, 95.95375722543352, 96.53179190751445], [92.48554913294798, 90.7514450867052, 91.90751445086705, 92.48554913294798, 93.64161849710982, 94.21965317919076, 93.0635838150289, 94.21965317919076, 95.37572254335261, 94.79768786127167, 95.95375722543352, 95.37572254335261, 95.95375722543352, 95.95375722543352]], "accuracy_after_rectification_for_each_rule": [[91.32947976878613, 91.90751445086705, 92.48554913294798, 93.0635838150289, 93.64161849710982, 94.21965317919076, 94.79768786127167, 95.37572254335261, 95.95375722543352, 96.53179190751445, 97.10982658959537, 97.6878612716763, 98.26589595375722, 98.84393063583815, 99.42196531791907, 100.0], [90.17341040462428, 90.7514450867052, 91.32947976878613, 91.90751445086705, 92.48554913294798, 93.0635838150289, 93.64161849710982, 94.21965317919076, 94.79768786127167, 95.37572254335261, 97.6878612716763, 97.6878612716763, 98.26589595375722, 98.26589595375722, 98.84393063583815, 99.42196531791907, 100.0], [91.90751445086705, 92.48554913294798, 93.0635838150289, 93.64161849710982, 94.21965317919076, 94.79768786127167, 95.37572254335261, 95.95375722543352, 96.53179190751445, 97.10982658959537, 97.6878612716763, 98.26589595375722, 98.84393063583815, 99.42196531791907, 100.0], [89.59537572254335, 90.17341040462428, 90.7514450867052, 91.32947976878613, 91.90751445086705, 92.48554913294798, 93.0635838150289, 93.64161849710982, 94.21965317919076, 94.79768786127167, 95.37572254335261, 95.95375722543352, 97.6878612716763, 97.6878612716763, 98.26589595375722, 98.84393063583815, 99.42196531791907, 100.0], [89.01734104046243, 89.59537572254335, 90.17341040462428, 90.7514450867052, 91.32947976878613, 91.90751445086705, 92.48554913294798, 93.0635838150289, 93.64161849710982, 94.21965317919076, 96.53179190751445, 96.53179190751445, 97.10982658959537, 97.10982658959537, 97.6878612716763, 98.26589595375722, 98.84393063583815, 99.42196531791907, 100.0], [90.17341040462428, 90.7514450867052, 91.32947976878613, 91.90751445086705, 92.48554913294798, 93.0635838150289, 93.64161849710982, 94.21965317919076, 94.79768786127167, 95.37572254335261, 96.53179190751445, 97.6878612716763, 97.6878612716763, 98.26589595375722, 98.84393063583815, 99.42196531791907, 100.0], [91.90751445086705, 92.48554913294798, 93.64161849710982, 94.21965317919076, 94.79768786127167, 95.37572254335261, 95.37572254335261, 95.95375722543352, 96.53179190751445, 97.10982658959537, 97.6878612716763, 98.26589595375722, 98.84393063583815, 99.42196531791907, 100.0], [91.32947976878613, 91.90751445086705, 92.48554913294798, 93.0635838150289, 93.64161849710982, 94.21965317919076, 94.79768786127167, 95.37572254335261, 95.95375722543352, 96.53179190751445, 97.10982658959537, 97.6878612716763, 98.26589595375722, 98.84393063583815, 99.42196531791907, 100.0], [91.32947976878613, 91.90751445086705, 92.48554913294798, 93.0635838150289, 93.64161849710982, 94.21965317919076, 94.79768786127167, 95.37572254335261, 95.95375722543352, 96.53179190751445, 97.10982658959537, 97.6878612716763, 98.26589595375722, 98.84393063583815, 99.42196531791907, 100.0], [92.48554913294798, 93.0635838150289, 93.64161849710982, 94.21965317919076, 94.79768786127167, 95.37572254335261, 95.95375722543352, 96.53179190751445, 97.10982658959537, 97.6878612716763, 98.26589595375722, 98.84393063583815, 99.42196531791907, 100.0]],