{"dataset name": "../../../../../datasets/balance_0_vs_2", "accuracy_of_the_boosted_tree_on_test_set": 90.14084507042254, "f1_score_of_the_boosted_tree_on_test_set": 46.15384615384615, "accuracy_of_the_boosted_tree_on_validation_set": 82.35294117647058, "columns_of_the_non_binarized_data_set": ["Right-Distance", "Left-Weight", "Left-Distance", "Right-Weight", "Class"], "columns_of_the_binarized_data_set": ["X_1", "X_2", "X_3", "X_4", "X_5", "X_6", "X_7", "X_8", "X_9", "X_10", "X_11", "X_12", "X_13", "X_14", "X_15", "X_16", "y"], "accuracy_for_each_tree_on_test_set": [91.66666666666666, 70.83333333333334, 95.83333333333334, 75.0, 75.0, 78.26086956521739, 78.26086956521739, 86.95652173913044, 86.95652173913044, 86.95652173913044], "f1_score_for_each_tree_on_test_set": [66.66666666666666, 0, 80.0, 0, 25.0, 28.571428571428577, 28.571428571428577, 40.0, 57.14285714285715, 40.0], "accuracy_for_each_decision_tree_before_correction_on_validation_set_relative_to_the_boosted_tree": [0.9411764705882353, 0.8921568627450981, 0.9215686274509803, 0.9313725490196079, 0.8823529411764706, 0.9313725490196079, 0.8627450980392157, 0.9117647058823529, 0.9313725490196079, 0.9019607843137255], "number_of_nodes_for_each_tree_before_correction": [107, 99, 101, 93, 91, 95, 93, 101, 95, 109], "accuracy_after_retraining_for_each_rule": [[94.11764705882352, 94.11764705882352, 95.09803921568627, 94.11764705882352, 95.09803921568627, 97.05882352941177, 97.05882352941177], [89.2156862745098, 89.2156862745098, 90.19607843137256, 92.15686274509804, 94.11764705882352, 95.09803921568627, 92.15686274509804, 94.11764705882352, 96.07843137254902, 96.07843137254902], [92.15686274509804, 92.15686274509804, 93.13725490196079, 93.13725490196079, 96.07843137254902, 98.0392156862745, 98.0392156862745], [93.13725490196079, 96.07843137254902, 96.07843137254902, 97.05882352941177, 97.05882352941177, 97.05882352941177, 98.0392156862745, 97.05882352941177], [88.23529411764706, 90.19607843137256, 95.09803921568627, 97.05882352941177, 97.05882352941177, 98.0392156862745, 96.07843137254902, 97.05882352941177, 98.0392156862745, 97.05882352941177, 99.01960784313727], [93.13725490196079, 93.13725490196079, 94.11764705882352, 96.07843137254902, 98.0392156862745, 97.05882352941177, 97.05882352941177], [86.27450980392157, 91.17647058823529, 83.33333333333334, 94.11764705882352, 96.07843137254902, 97.05882352941177, 97.05882352941177, 97.05882352941177, 96.07843137254902, 98.0392156862745, 98.0392156862745, 97.05882352941177], [91.17647058823529, 91.17647058823529, 93.13725490196079, 94.11764705882352, 95.09803921568627, 97.05882352941177, 95.09803921568627, 95.09803921568627], [93.13725490196079, 93.13725490196079, 93.13725490196079, 94.11764705882352, 94.11764705882352, 94.11764705882352, 97.05882352941177, 97.05882352941177], [90.19607843137256, 95.09803921568627, 92.15686274509804, 96.07843137254902, 96.07843137254902, 95.09803921568627, 95.09803921568627, 95.09803921568627, 96.07843137254902, 94.11764705882352]], "accuracy_after_rectification_for_each_rule": [[94.11764705882352, 95.09803921568627, 96.07843137254902, 97.05882352941177, 98.0392156862745, 99.01960784313727, 100.0], [89.2156862745098, 90.19607843137256, 91.17647058823529, 93.13725490196079, 93.13725490196079, 94.11764705882352, 97.05882352941177, 97.05882352941177, 98.0392156862745, 100.0], [92.15686274509804, 93.13725490196079, 94.11764705882352, 95.09803921568627, 97.05882352941177, 99.01960784313727, 100.0], [93.13725490196079, 94.11764705882352, 95.09803921568627, 96.07843137254902, 97.05882352941177, 98.0392156862745, 99.01960784313727, 100.0], [88.23529411764706, 89.2156862745098, 90.19607843137256, 92.15686274509804, 92.15686274509804, 93.13725490196079, 94.11764705882352, 96.07843137254902, 97.05882352941177, 99.01960784313727, 100.0], [93.13725490196079, 94.11764705882352, 95.09803921568627, 96.07843137254902, 97.05882352941177, 99.01960784313727, 100.0], [86.27450980392157, 87.25490196078431, 88.23529411764706, 89.2156862745098, 90.19607843137256, 91.17647058823529, 93.13725490196079, 94.11764705882352, 97.05882352941177, 99.01960784313727, 100.0, 100.0], [91.17647058823529, 92.15686274509804, 93.13725490196079, 94.11764705882352, 95.09803921568627, 98.0392156862745, 99.01960784313727, 100.0], [93.13725490196079, 94.11764705882352, 95.09803921568627, 96.07843137254902, 97.05882352941177, 98.0392156862745, 99.01960784313727, 100.0], [90.19607843137256, 91.17647058823529, 92.15686274509804, 94.11764705882352, 97.05882352941177, 98.0392156862745, 99.01960784313727, 99.01960784313727, 100.0, 100.0]], "number_of_nodes_after_rectification_for_each_rule": [[107, 111, 113, 117, 123, 129, 133], [99, 101, 109, 111, 111, 115, 119, 119, 123, 129], [101, 111, 115, 119, 123, 127, 133], [93, 97, 95, 97, 101, 107, 109, 113], [91, 101, 99, 107, 107, 109, 113, 115, 113, 115, 121], [95, 99, 97, 101, 105, 109, 115], [93, 99, 97, 99, 103, 109, 111, 117, 125, 143, 149, 149], [101, 109, 107, 115, 119, 129, 135, 133], [95, 105, 107, 111, 107, 109, 113, 119], [109, 119, 123, 127, 121, 123, 127, 127, 133, 133]], "number_of_nodes_after_retraining_for_each_rule": [[107, 103, 105, 105, 107, 111, 113], [99, 87, 87, 95, 91, 93, 89, 91, 99, 99], [101, 103, 105, 107, 111, 107, 109], [93, 95, 95, 95, 95, 97, 109, 103], [91, 93, 93, 103, 99, 97, 101, 107, 105, 107, 103], [95, 95, 97, 97, 97, 99, 101], [93, 97, 97, 103, 105, 105, 105, 105, 105, 105, 111, 111], [101, 97, 99, 101, 101, 103, 103, 101], [95, 83, 87, 87, 93, 99, 103, 103], [109, 105, 97, 99, 99, 99, 105, 105, 105, 105]], "depth_after_retraining_for_each_rule": [[10, 10, 10, 10, 12, 10, 11], [11, 10, 10, 10, 10, 10, 10, 10, 10, 10], [11, 11, 11, 11, 11, 12, 13], [11, 11, 10, 11, 10, 11, 10, 11], [11, 11, 10, 10, 10, 10, 10, 10, 11, 11, 11], [11, 11, 11, 11, 11, 11, 11], [10, 10, 10, 12, 12, 12, 12, 12, 12, 12, 12, 12], [9, 12, 10, 10, 10, 10, 10, 11], [10, 9, 11, 11, 11, 11, 11, 11], [10, 11, 10, 10, 10, 10, 10, 10, 10, 10]], "depth_after_rectification_for_each_rule": [[10, 10, 10, 10, 10, 10, 10], [11, 11, 11, 11, 11, 11, 11, 11, 11, 11], [11, 11, 11, 11, 11, 11, 11], [11, 11, 11, 11, 11, 11, 11, 11], [11, 11, 11, 11, 11, 11, 11, 11, 11, 11, 11], [11, 11, 11, 11, 11, 11, 11], [10, 10, 10, 10, 10, 10, 10, 10, 10, 10, 10, 10], [9, 10, 10, 11, 11, 11, 11, 11], [10, 10, 10, 10, 10, 10, 10, 10], [10, 12, 12, 12, 12, 12, 12, 12, 12, 12]],