{"dataset name": "../../../../../datasets/balance_0_vs_1", "accuracy_of_the_boosted_tree_on_test_set": 87.12121212121212, "f1_score_of_the_boosted_tree_on_test_set": 10.526315789473683, "accuracy_of_the_boosted_tree_on_validation_set": 88.29787234042553, "columns_of_the_non_binarized_data_set": ["Right-Distance", "Left-Weight", "Left-Distance", "Right-Weight", "Class"], "columns_of_the_binarized_data_set": ["X_1", "X_2", "X_3", "X_4", "X_5", "X_6", "X_7", "X_8", "X_9", "X_10", "X_11", "X_12", "X_13", "X_14", "X_15", "X_16", "y"], "accuracy_for_each_tree_on_test_set": [90.9090909090909, 95.45454545454545, 84.0909090909091, 90.9090909090909, 93.18181818181817, 93.18181818181817, 90.9090909090909, 95.34883720930233, 95.34883720930233, 90.69767441860465], "f1_score_for_each_tree_on_test_set": [0, 0, 0, 0, 0, 0, 0, 0, 0, 0], "accuracy_for_each_decision_tree_before_correction_on_validation_set_relative_to_the_boosted_tree": [0.9680851063829787, 0.973404255319149, 0.9787234042553191, 0.9787234042553191, 0.9787234042553191, 0.9787234042553191, 0.9627659574468085, 0.9680851063829787, 0.973404255319149, 0.973404255319149], "number_of_nodes_for_each_tree_before_correction": [27, 27, 27, 27, 27, 25, 27, 23, 27, 27], "accuracy_after_retraining_for_each_rule": [[96.80851063829788, 97.87234042553192, 97.87234042553192, 97.87234042553192, 97.87234042553192, 97.87234042553192], [97.3404255319149, 97.87234042553192, 97.87234042553192, 97.87234042553192, 97.87234042553192, 97.87234042553192], [97.87234042553192, 97.87234042553192, 97.87234042553192, 97.87234042553192, 97.87234042553192], [97.87234042553192, 97.87234042553192, 97.87234042553192, 97.87234042553192, 97.3404255319149], [97.87234042553192, 96.80851063829788, 97.87234042553192, 97.87234042553192, 97.87234042553192], [97.87234042553192, 97.87234042553192, 97.87234042553192, 97.87234042553192, 97.87234042553192], [96.27659574468085, 97.87234042553192, 97.87234042553192, 97.87234042553192, 97.87234042553192, 97.87234042553192, 97.87234042553192, 97.87234042553192], [96.80851063829788, 97.87234042553192, 97.87234042553192, 97.87234042553192, 97.87234042553192, 97.87234042553192, 97.87234042553192], [97.3404255319149, 97.87234042553192, 97.87234042553192, 97.87234042553192, 97.87234042553192, 97.87234042553192], [97.3404255319149, 97.87234042553192, 97.3404255319149, 97.87234042553192, 97.87234042553192, 97.87234042553192]], "accuracy_after_rectification_for_each_rule": [[96.80851063829788, 97.3404255319149, 97.87234042553192, 98.40425531914893, 98.93617021276596, 100.0], [97.3404255319149, 97.87234042553192, 98.40425531914893, 98.93617021276596, 99.46808510638297, 100.0], [97.87234042553192, 98.40425531914893, 98.93617021276596, 99.46808510638297, 100.0], [97.87234042553192, 98.40425531914893, 98.93617021276596, 99.46808510638297, 100.0], [97.87234042553192, 98.40425531914893, 98.93617021276596, 99.46808510638297, 100.0], [97.87234042553192, 98.40425531914893, 98.93617021276596, 99.46808510638297, 100.0], [96.27659574468085, 96.80851063829788, 97.3404255319149, 97.87234042553192, 98.40425531914893, 98.93617021276596, 100.0, 100.0], [96.80851063829788, 97.3404255319149, 97.87234042553192, 98.40425531914893, 98.93617021276596, 100.0, 100.0], [97.3404255319149, 97.87234042553192, 98.40425531914893, 98.93617021276596, 99.46808510638297, 100.0], [97.3404255319149, 97.87234042553192, 98.40425531914893, 98.93617021276596, 99.46808510638297, 100.0]], "number_of_nodes_after_rectification_for_each_rule": [[27, 15, 29, 41, 55, 57], [27, 19, 33, 45, 59, 61], [27, 19, 29, 39, 53], [27, 19, 33, 45, 59], [27, 15, 29, 41, 55], [25, 19, 33, 43, 53], [27, 29, 43, 55, 65, 69, 67, 67], [23, 21, 33, 43, 57, 51, 51], [27, 19, 33, 45, 59, 61], [27, 23, 37, 49, 59, 63]], "number_of_nodes_after_retraining_for_each_rule": [[27, 27, 27, 27, 27, 29], [27, 27, 27, 27, 27, 27], [27, 25, 27, 25, 25], [27, 21, 21, 21, 27], [27, 29, 27, 27, 29], [25, 25, 25, 25, 25], [27, 27, 27, 27, 27, 27, 27, 27], [23, 21, 21, 23, 25, 25, 25], [27, 27, 27, 27, 27, 27], [27, 27, 27, 27, 27, 27]], "depth_after_retraining_for_each_rule": [[4, 4, 4, 4, 4, 4], [4, 4, 4, 4, 4, 4], [4, 4, 4, 4, 4], [4, 4, 4, 4, 4], [4, 4, 4, 4, 4], [4, 4, 4, 4, 4], [4, 4, 4, 4, 4, 4, 4, 4], [4, 4, 4, 4, 4, 4, 4], [4, 4, 4, 4, 4, 4], [4, 4, 4, 4, 4, 4]], "depth_after_rectification_for_each_rule": [[4, 7, 8, 8, 10, 10], [4, 8, 8, 8, 10, 10], [4, 9, 10, 11, 11], [4, 8, 8, 8, 10], [4, 7, 8, 8, 10], [4, 9, 11, 11, 11], [4, 9, 10, 10, 10, 10, 10, 10], [4, 7, 8, 8, 11, 11, 11], [4, 8, 8, 8, 10, 10], [4, 8, 10, 10, 10, 10]], "time_retraining_for_each_rule": [[0.010889768600463867, 0.010381937026977539, 0.011125326156616211, 0.010649442672729492, 0.010888338088989258], [0.01078176498413086, 0.010871171951293945, 0.010854244232177734, 0.010660648345947266, 0.010951042175292969], [0.009708166122436523, 0.009423494338989258, 0.009923934936523438, 0.010303735733032227], [0.009670734405517578, 0.009114265441894531, 0.009979009628295898, 0.0098114013671875], [0.009291410446166992, 0.009551763534545898, 0.009660720825195312, 0.009747982025146484], [0.009944677352905273, 0.00950312614440918, 0.009756088256835938, 0.009731769561767578], [0.012742757797241211, 0.012553215026855469, 0.012615442276000977, 0.012847900390625, 0.012899398803710938, 0.012893915176391602, 0.01266622543334961], [0.012325763702392578, 0.011902332305908203, 0.012221574783325195, 0.012337684631347656, 0.01225733757019043, 0.012362480163574219], [0.010582208633422852, 0.010740518569946289, 0.010633230209350586, 0.010553836822509766, 0.010969877243041992], [0.010879039764404297, 0.010490179061889648, 0.010807037353515625, 0.010912418365478516, 0.010807037353515625]], "time_rectification_for_each_rule": [[0.00011181831359863281, 6.604194641113281e-05, 7.867813110351562e-05, 0.00013446807861328125, 9.322166442871094e-05], [7.128715515136719e-05, 6.365776062011719e-05, 9.083747863769531e-05, 0.00015163421630859375, 0.00018095970153808594], [8.893013000488281e-05, 8.130073547363281e-05, 9.584426879882812e-05, 9.322166442871094e-05], [6.747245788574219e-05, 6.651878356933594e-05, 7.462501525878906e-05, 0.00012493133544921875], [7.43865966796875e-05, 6.556510925292969e-05, 6.794929504394531e-05, 0.000133514404296875], [9.775161743164062e-05, 7.319450378417969e-05, 9.822845458984375e-05, 0.00016736984252929688], [8.726119995117188e-05, 0.00010347366333007812, 0.00010347366333007812, 0.00013875961303710938, 0.00010561943054199219, 0.00011754035949707031, 0.00010633468627929688], [6.29425048828125e-05, 6.031990051269531e-05, 7.748603820800781e-05, 0.00013136863708496094, 0.00010061264038085938, 0.00014829635620117188], [6.818771362304688e-05, 5.9604644775390625e-05, 7.963180541992188e-05, 0.0001251697540283203, 9.632110595703125e-05], [7.915496826171875e-05, 8.988380432128906e-05, 8.726119995117188e-05, 0.00013327598571777344, 0.00010275840759277344]], "number_of_different_instances_rectification": [[6, 5, 4, 3, 2, 0], [5, 4, 3, 2, 1, 0], [4, 3, 2, 1, 0], [4, 3, 2, 1, 0], [4, 3, 2, 1, 0], [4, 3, 2, 1, 0], [7, 6, 5, 4, 3, 2, 0, 0], [6, 5, 4, 3, 2, 0, 0], [5, 4, 3, 2, 1, 0], [5, 4, 3, 2, 1, 0]], "number_of_different_instances_retraining": [[6, 4, 4, 4, 4, 4], [5, 4, 4, 4, 4, 4], [4, 4, 4, 4, 4], [4, 4, 4, 4, 5], [4, 6, 4, 4, 4], [4, 4, 4, 4, 4], [7, 4, 4, 4, 4, 4, 4, 4], [6, 4, 4, 4, 4, 4, 4], [5, 4, 4, 4, 4, 4], [5, 4, 5, 4, 4, 4]], "nbinstance_initial": [393, 393, 393, 393, 393, 393, 393, 394, 394, 394], "nbinstance_final": [403, 403, 401, 401, 401, 401, 407, 405, 404, 404], "nbinstaddalltree_for_each_rule": [[2, 2, 2, 2, 2], [2, 2, 2, 2, 2], [2, 2, 2, 2], [2, 2, 2, 2], [2, 2, 2, 2], [2, 2, 2, 2], [2, 2, 2, 2, 2, 2, 2], [2, 2, 3, 2, 2, 2], [2, 2, 2, 2, 2], [2, 2, 2, 2, 2]], "nbinstdeletealltree_for_each_rule": [[0, 0, 0, 0, 0], [0, 0, 0, 0, 0], [0, 0, 0, 0], [0, 0, 0, 0], [0, 0, 0, 0], [0, 0, 0, 0], [0, 0, 0, 0, 0, 0, 0], [2, 0, 0, 0, 0, 0], [0, 0, 0, 0, 0], [0, 0, 0, 0, 0]]}