{"dataset name": "bupa_3.csv", "accuracy_of_the_boosted_tree_on_test_set": 97.26027397260275, "accuracy_of_the_boosted_tree_on_validation_set": 79.8076923076923, "columns_of_the_non_binarized_data_set": ["mcv", "alkphos", "sgpt", "sgot", "gammagt", "drinks"], "columns_of_the_binarized_data_set": ["X_1", "X_2", "X_3", "X_4", "X_5", "X_6", "X_7", "X_8", "X_9", "X_10", "X_11", "X_12", "X_13", "X_14", "X_15", "X_16", "X_17", "X_18", "X_19", "X_20", "X_21", "X_22", "X_23", "X_24", "X_25", "X_26", "X_27", "X_28", "X_29", "X_30", "X_31", "X_32", "X_33", "X_34", "X_35", "X_36", "X_37", "X_38", "X_39", "X_40", "X_41", "X_42", "X_43", "X_44", "X_45", "X_46", "X_47", "X_48", "X_49", "X_50", "X_51", "X_52", "X_53", "X_54", "X_55", "X_56", "X_57", "X_58", "X_59", "X_60", "X_61", "X_62", "X_63", "X_64", "X_65", "X_66", "X_67", "X_68", "X_69", "X_70", "X_71", "X_72", "X_73", "X_74", "X_75", "X_76", "X_77", "X_78", "X_79", "X_80", "X_81", "X_82", "X_83", "X_84", "X_85", "X_86", "X_87", "X_88", "X_89", "X_90", "X_91", "X_92", "X_93", "X_94", "X_95", "X_96", "X_97", "X_98", "X_99", "X_100", "X_101", "X_102", "X_103", "X_104", "X_105", "X_106", "X_107", "X_108", "y"], "accuracy_for_each_tree_on_test_set": [96.0, 95.83333333333334, 91.66666666666666, 75.0, 95.83333333333334, 75.0, 70.83333333333334, 87.5, 83.33333333333334, 95.83333333333334], "accuracy_for_each_decision_tree_before_correction_on_validation_set_relative_to_the_boosted_tree": [0.9519230769230769, 0.9423076923076923, 0.9423076923076923, 0.8942307692307693, 0.9326923076923077, 0.9134615384615384, 0.9134615384615384, 0.9134615384615384, 0.8942307692307693, 0.9519230769230769], "number_of_nodes_for_each_tree_before_correction": [55, 41, 53, 43, 49, 41, 47, 45, 51, 43], "accuracy_after_retraining_for_each_rule": [[95.1923076923077, 87.5, 87.5, 85.57692307692307, 88.46153846153845, 87.5], [94.23076923076923, 81.73076923076923, 81.73076923076923, 90.38461538461539, 87.5, 88.46153846153845, 88.46153846153845], [94.23076923076923, 85.57692307692307, 85.57692307692307, 82.6923076923077, 83.65384615384616, 86.53846153846155, 90.38461538461539], [89.42307692307693, 88.46153846153845, 86.53846153846155, 86.53846153846155, 83.65384615384616, 86.53846153846155, 87.5, 92.3076923076923, 85.57692307692307, 88.46153846153845, 84.61538461538461, 85.57692307692307], [93.26923076923077, 86.53846153846155, 85.57692307692307, 86.53846153846155, 79.8076923076923, 84.61538461538461, 82.6923076923077, 86.53846153846155], [91.34615384615384, 95.1923076923077, 94.23076923076923, 88.46153846153845, 85.57692307692307, 90.38461538461539, 90.38461538461539, 91.34615384615384, 91.34615384615384], [91.34615384615384, 82.6923076923077, 82.6923076923077, 83.65384615384616, 89.42307692307693, 89.42307692307693, 91.34615384615384, 91.34615384615384, 93.26923076923077, 87.5], [91.34615384615384, 89.42307692307693, 88.46153846153845, 82.6923076923077, 91.34615384615384, 90.38461538461539, 90.38461538461539, 91.34615384615384, 94.23076923076923, 88.46153846153845], [89.42307692307693, 92.3076923076923, 86.53846153846155, 88.46153846153845, 88.46153846153845, 91.34615384615384, 90.38461538461539, 92.3076923076923, 89.42307692307693, 90.38461538461539, 90.38461538461539, 87.5], [95.1923076923077, 86.53846153846155, 86.53846153846155, 86.53846153846155, 89.42307692307693, 88.46153846153845]], "accuracy_after_rectification_for_each_rule": [[95.1923076923077, 96.15384615384616, 97.11538461538461, 98.07692307692307, 99.03846153846155, 100.0], [94.23076923076923, 95.1923076923077, 96.15384615384616, 97.11538461538461, 98.07692307692307, 99.03846153846155, 100.0], [94.23076923076923, 95.1923076923077, 96.15384615384616, 97.11538461538461, 98.07692307692307, 99.03846153846155, 100.0], [89.42307692307693, 90.38461538461539, 91.34615384615384, 92.3076923076923, 93.26923076923077, 94.23076923076923, 95.1923076923077, 96.15384615384616, 97.11538461538461, 98.07692307692307, 100.0, 100.0], [93.26923076923077, 94.23076923076923, 95.1923076923077, 96.15384615384616, 97.11538461538461, 98.07692307692307, 99.03846153846155, 100.0], [91.34615384615384, 92.3076923076923, 93.26923076923077, 94.23076923076923, 95.1923076923077, 96.15384615384616, 97.11538461538461, 98.07692307692307, 100.0], [91.34615384615384, 92.3076923076923, 93.26923076923077, 94.23076923076923, 95.1923076923077, 96.15384615384616, 97.11538461538461, 98.07692307692307, 99.03846153846155, 100.0], [91.34615384615384, 92.3076923076923, 93.26923076923077, 94.23076923076923, 95.1923076923077, 96.15384615384616, 97.11538461538461, 98.07692307692307, 99.03846153846155, 100.0], [89.42307692307693, 90.38461538461539, 91.34615384615384, 92.3076923076923, 93.26923076923077, 94.23076923076923, 95.1923076923077, 96.15384615384616, 97.11538461538461, 98.07692307692307, 99.03846153846155, 100.0], [95.1923076923077, 96.15384615384616, 97.11538461538461, 98.07692307692307, 99.03846153846155, 100.0]], "number_of_nodes_after_rectification_for_each_rule": [[55, 93, 103, 107, 123, 129], [41, 63, 77, 85, 89, 85, 91], [53, 77, 79, 95, 101, 117, 167], [43, 71, 79, 93, 109, 131, 141, 181, 201, 235, 225, 261], [49, 75, 85, 101, 117, 125, 139, 151], [41, 47, 57, 71, 85, 91, 105, 111, 117], [47, 85, 121, 143, 147, 165, 169, 175, 191, 215], [45, 69, 73, 81, 103, 125, 133, 141, 147, 153], [51, 93, 127, 141, 153, 173, 189, 209, 217, 245, 259, 271], [43, 71, 75, 91, 101, 113]], "number_of_nodes_after_retraining_for_each_rule": [[55, 41, 41, 43, 45, 45], [41, 45, 41, 51, 55, 55, 53], [53, 49, 45, 53, 57, 55, 67], [43, 49, 45, 43, 43, 49, 51, 39, 51, 51, 51, 53], [49, 45, 43, 45, 49, 49, 51, 51], [41, 31, 35, 37, 39, 45, 47, 43, 31], [47, 47, 45, 45, 63, 59, 59, 55, 55, 45], [45, 53, 49, 53, 61, 69, 69, 63, 67, 67], [51, 47, 49, 47, 49, 49, 53, 53, 51, 53, 53, 65], [43, 43, 43, 55, 55, 55]], "depth_after_retraining_for_each_rule": [[8, 8, 7, 8, 8, 8], [8, 8, 8, 8, 8, 8, 8], [8, 8, 8, 8, 8, 8, 8], [8, 8, 8, 8, 8, 8, 8, 8, 8, 8, 8, 8], [8, 8, 8, 8, 8, 8, 8, 8], [7, 8, 8, 8, 8, 8, 8, 8, 8], [8, 8, 8, 8, 8, 8, 8, 8, 8, 8], [8, 8, 8, 8, 8, 8, 8, 8, 8, 8], [8, 8, 8, 7, 8, 8, 8, 8, 8, 8, 8, 8], [8, 8, 8, 8, 8, 8]], "depth_after_rectification_for_each_rule": [[8, 15, 15, 15, 15, 15], [8, 14, 14, 14, 14, 14, 14], [8, 14, 14, 14, 14, 14, 14], [8, 14, 14, 14, 14, 14, 14, 15, 15, 16, 16, 17], [8, 13, 13, 13, 13, 13, 13, 13], [7, 8, 10, 10, 12, 12, 13, 13, 13], [8, 15, 15, 15, 15, 15, 15, 15, 15, 15], [8, 14, 14, 14, 14, 14, 14, 14, 14, 14], [8, 10, 12, 12, 12, 12, 12, 12, 12, 12, 12, 13], [8, 15, 15, 15, 15, 15]],