{"dataset name": "cleveland_nominal_2_0.csv", "accuracy_of_the_boosted_tree_on_test_set": 87.5, "accuracy_of_the_boosted_tree_on_validation_set": 81.31868131868131, "columns_of_the_non_binarized_data_set": ["age", "sex", "cp_0", "cp_1", "cp_2", "cp_3", "trestbps", "chol", "fbs", "restecg_0", "restecg_1", "restecg_2", "thalach", "exang", "oldpeak", "slope_0", "slope_1", "slope_2", "ca", "thal_0", "thal_1", "thal_2", "thal_3", "binaryClass"], "columns_of_the_binarized_data_set": ["X_1", "X_2", "X_3", "X_4", "X_5", "X_6", "X_7", "X_8", "X_9", "X_10", "X_11", "X_12", "X_13", "X_14", "X_15", "X_16", "X_17", "X_18", "X_19", "X_20", "X_21", "X_22", "X_23", "X_24", "X_25", "X_26", "X_27", "X_28", "X_29", "X_30", "X_31", "X_32", "X_33", "X_34", "X_35", "X_36", "X_37", "X_38", "X_39", "X_40", "X_41", "X_42", "y"], "accuracy_for_each_tree_on_test_set": [63.63636363636363, 54.54545454545454, 85.71428571428571, 76.19047619047619, 66.66666666666666, 66.66666666666666, 80.95238095238095, 80.95238095238095, 85.71428571428571, 85.71428571428571], "accuracy_for_each_decision_tree_before_correction_on_validation_set_relative_to_the_boosted_tree": [0.8351648351648352, 0.7912087912087912, 0.8901098901098901, 0.9010989010989011, 0.9340659340659341, 0.8021978021978022, 0.8681318681318682, 0.8681318681318682, 0.8131868131868132, 0.9230769230769231], "number_of_nodes_for_each_tree_before_correction": [31, 25, 31, 29, 29, 29, 31, 29, 29, 29], "accuracy_after_retraining_for_each_rule": [[83.51648351648352, 90.10989010989012, 87.91208791208791, 93.4065934065934, 93.4065934065934, 93.4065934065934, 92.3076923076923, 89.01098901098901, 89.01098901098901, 90.10989010989012, 90.10989010989012, 86.81318681318682], [79.12087912087912, 82.41758241758241, 82.41758241758241, 86.81318681318682, 90.10989010989012, 87.91208791208791, 92.3076923076923, 91.20879120879121, 93.4065934065934, 92.3076923076923, 95.6043956043956, 95.6043956043956, 95.6043956043956, 94.5054945054945, 91.20879120879121, 91.20879120879121, 91.20879120879121, 91.20879120879121, 93.4065934065934, 93.4065934065934], [89.01098901098901, 89.01098901098901, 86.81318681318682, 80.21978021978022, 79.12087912087912, 85.71428571428571, 85.71428571428571, 86.81318681318682, 86.81318681318682, 83.51648351648352], [90.10989010989012, 91.20879120879121, 84.61538461538461, 83.51648351648352, 93.4065934065934, 93.4065934065934, 92.3076923076923], [93.4065934065934, 90.10989010989012, 85.71428571428571, 85.71428571428571, 85.71428571428571, 89.01098901098901, 85.71428571428571], [80.21978021978022, 92.3076923076923, 92.3076923076923, 83.51648351648352, 84.61538461538461, 84.61538461538461, 64.83516483516483, 85.71428571428571, 85.71428571428571, 82.41758241758241, 82.41758241758241, 81.31868131868131, 83.51648351648352, 82.41758241758241, 83.51648351648352, 84.61538461538461], [86.81318681318682, 93.4065934065934, 86.81318681318682, 82.41758241758241, 86.81318681318682, 91.20879120879121, 91.20879120879121, 90.10989010989012, 89.01098901098901, 90.10989010989012], [86.81318681318682, 79.12087912087912, 87.91208791208791, 89.01098901098901, 87.91208791208791, 89.01098901098901, 72.52747252747253, 76.92307692307693, 76.92307692307693, 76.92307692307693, 76.92307692307693, 76.92307692307693], [81.31868131868131, 86.81318681318682, 86.81318681318682, 85.71428571428571, 85.71428571428571, 72.52747252747253, 72.52747252747253, 80.21978021978022, 80.21978021978022, 80.21978021978022, 79.12087912087912, 79.12087912087912, 75.82417582417582, 75.82417582417582, 75.82417582417582], [92.3076923076923, 86.81318681318682, 86.81318681318682, 78.02197802197803, 83.51648351648352, 85.71428571428571, 85.71428571428571]], "accuracy_after_rectification_for_each_rule": [[83.51648351648352, 89.01098901098901, 90.10989010989012, 91.20879120879121, 91.20879120879121, 91.20879120879121, 92.3076923076923, 94.5054945054945, 97.8021978021978, 98.9010989010989, 100.0, 100.0], [79.12087912087912, 82.41758241758241, 83.51648351648352, 87.91208791208791, 89.01098901098901, 90.10989010989012, 91.20879120879121, 91.20879120879121, 91.20879120879121, 92.3076923076923, 92.3076923076923, 92.3076923076923, 93.4065934065934, 93.4065934065934, 94.5054945054945, 95.6043956043956, 97.8021978021978, 100.0, 100.0, 100.0], [89.01098901098901, 90.10989010989012, 91.20879120879121, 92.3076923076923, 94.5054945054945, 96.7032967032967, 96.7032967032967, 97.8021978021978, 98.9010989010989, 100.0], [90.10989010989012, 91.20879120879121, 92.3076923076923, 95.6043956043956, 96.7032967032967, 98.9010989010989, 100.0], [93.4065934065934, 95.6043956043956, 95.6043956043956, 96.7032967032967, 97.8021978021978, 98.9010989010989, 100.0], [80.21978021978022, 84.61538461538461, 85.71428571428571, 86.81318681318682, 87.91208791208791, 91.20879120879121, 92.3076923076923, 92.3076923076923, 92.3076923076923, 92.3076923076923, 94.5054945054945, 96.7032967032967, 96.7032967032967, 97.8021978021978, 98.9010989010989, 100.0], [86.81318681318682, 87.91208791208791, 90.10989010989012, 91.20879120879121, 92.3076923076923, 93.4065934065934, 94.5054945054945, 96.7032967032967, 100.0, 100.0], [86.81318681318682, 87.91208791208791, 90.10989010989012, 92.3076923076923, 93.4065934065934, 94.5054945054945, 94.5054945054945, 95.6043956043956, 96.7032967032967, 97.8021978021978, 98.9010989010989, 100.0], [81.31868131868131, 84.61538461538461, 85.71428571428571, 86.81318681318682, 90.10989010989012, 91.20879120879121, 91.20879120879121, 91.20879120879121, 93.4065934065934, 95.6043956043956, 95.6043956043956, 96.7032967032967, 97.8021978021978, 98.9010989010989, 100.0], [92.3076923076923, 93.4065934065934, 95.6043956043956, 96.7032967032967, 97.8021978021978, 98.9010989010989, 100.0]], "number_of_nodes_after_rectification_for_each_rule": [[31, 47, 55, 59, 61, 61, 67, 69, 77, 83, 97, 97], [25, 33, 55, 81, 101, 131, 131, 149, 155, 165, 165, 167, 181, 181, 209, 235, 243, 247, 269, 277], [31, 31, 47, 53, 59, 61, 61, 71, 85, 91], [29, 39, 65, 89, 101, 115, 121], [29, 31, 31, 37, 43, 49, 63], [29, 41, 47, 63, 77, 101, 105, 125, 143, 159, 173, 175, 175, 195, 209, 235], [31, 43, 49, 75, 89, 107, 131, 133, 151, 151], [29, 29, 41, 43, 55, 65, 65, 71, 77, 83, 91, 101], [29, 43, 57, 65, 89, 115, 123, 159, 165, 167, 167, 183, 189, 195, 203], [29, 31, 33, 39, 45, 51, 65]], "number_of_nodes_after_retraining_for_each_rule": [[31, 25, 31, 31, 31, 31, 27, 27, 27, 27, 27, 27], [25, 25, 25, 27, 27, 27, 29, 29, 27, 29, 31, 31, 29, 31, 31, 31, 31, 29, 29, 29], [31, 29, 31, 27, 23, 23, 23, 25, 25, 25], [29, 27, 31, 31, 31, 31, 31], [29, 29, 27, 27, 31, 29, 29], [29, 27, 27, 29, 31, 29, 23, 29, 27, 21, 23, 23, 23, 27, 27, 29], [31, 29, 29, 29, 27, 29, 27, 29, 29, 27], [29, 31, 29, 29, 31, 29, 23, 23, 23, 23, 23, 23], [29, 29, 29, 31, 29, 23, 23, 29, 27, 27, 29, 29, 21, 21, 21], [29, 29, 29, 29, 31, 31, 29]], "depth_after_retraining_for_each_rule": [[4, 4, 4, 4, 4, 4, 4, 4, 4, 4, 4, 4], [4, 4, 4, 4, 4, 4, 4, 4, 4, 4, 4, 4, 4, 4, 4, 4, 4, 4, 4, 4], [4, 4, 4, 4, 4, 4, 4, 4, 4, 4], [4, 4, 4, 4, 4, 4, 4], [4, 4, 4, 4, 4, 4, 4], [4, 4, 4, 4, 4, 4, 4, 4, 4, 4, 4, 4, 4, 4, 4, 4], [4, 4, 4, 4, 4, 4, 4, 4, 4, 4], [4, 4, 4, 4, 4, 4, 4, 4, 4, 4, 4, 4], [4, 4, 4, 4, 4, 4, 4, 4, 4, 4, 4, 4, 4, 4, 4], [4, 4, 4, 4, 4, 4, 4]], "depth_after_rectification_for_each_rule": [[4, 8, 8, 8, 8, 8, 8, 8, 8, 8, 8, 8], [4, 8, 10, 10, 11, 11, 11, 12, 12, 12, 12, 12, 12, 12, 12, 12, 12, 12, 12, 12], [4, 7, 11, 11, 11, 11, 11, 11, 11, 11], [4, 11, 11, 11, 11, 11, 11], [4, 6, 6, 7, 7, 8, 8], [4, 8, 8, 9, 11, 13, 13, 13, 13, 13, 13, 13, 13, 13, 13, 13], [4, 7, 7, 10, 11, 11, 11, 11, 11, 11], [4, 6, 7, 7, 8, 10, 10, 10, 10, 10, 10, 11], [4, 9, 9, 9, 12, 12, 12, 12, 12, 12, 12, 12, 12, 12, 12], [4, 6, 6, 7, 7, 8, 8]],