{"dataset name": "../../../../../datasets/divorce", "accuracy_of_the_boosted_tree_on_test_set": 97.22222222222221, "f1_score_of_the_boosted_tree_on_test_set": 97.67441860465118, "accuracy_of_the_boosted_tree_on_validation_set": 98.0392156862745, "columns_of_the_non_binarized_data_set": ["Q1", "Q2", "Q3", "Q4", "Q5", "Q6", "Q7", "Q8", "Q9", "Q10", "Q11", "Q12", "Q13", "Q14", "Q15", "Q16", "Q17", "Q18", "Q19", "Q20", "Q21", "Q22", "Q23", "Q24", "Q25", "Q26", "Q27", "Q28", "Q29", "Q30", "Q31", "Q32", "Q33", "Q34", "Q35", "Q36", "Q37", "Q38", "Q39", "Q40", "Q41", "Q42", "Q43", "Q44", "Q45", "Q46", "Q47", "Q48", "Q49", "Q50", "Q51", "Q52", "Q53", "Q54", "Divorce"], "columns_of_the_binarized_data_set": ["X_1", "X_2", "X_3", "X_4", "X_5", "X_6", "X_7", "X_8", "X_9", "y"], "accuracy_for_each_tree_on_test_set": [100.0, 100.0, 91.66666666666666, 100.0, 100.0, 100.0, 100.0, 100.0, 100.0, 100.0], "f1_score_for_each_tree_on_test_set": [100.0, 100.0, 94.11764705882352, 100.0, 100.0, 100.0, 100.0, 100.0, 100.0, 100.0], "accuracy_for_each_decision_tree_before_correction_on_validation_set_relative_to_the_boosted_tree": [0.9803921568627451, 0.9803921568627451, 0.9803921568627451, 0.9803921568627451, 0.9803921568627451, 0.9803921568627451, 0.9803921568627451, 0.9803921568627451, 0.9803921568627451, 0.9803921568627451], "number_of_nodes_for_each_tree_before_correction": [9, 9, 5, 9, 9, 9, 9, 7, 9, 9], "accuracy_after_retraining_for_each_rule": [[98.0392156862745, 100.0], [98.0392156862745, 100.0], [98.0392156862745, 100.0], [98.0392156862745, 100.0], [98.0392156862745, 100.0], [98.0392156862745, 100.0], [98.0392156862745, 100.0], [98.0392156862745, 100.0], [98.0392156862745, 98.0392156862745], [98.0392156862745, 100.0]], "accuracy_after_rectification_for_each_rule": [[98.0392156862745, 100.0], [98.0392156862745, 100.0], [98.0392156862745, 100.0], [98.0392156862745, 100.0], [98.0392156862745, 100.0], [98.0392156862745, 100.0], [98.0392156862745, 100.0], [98.0392156862745, 100.0], [98.0392156862745, 100.0], [98.0392156862745, 100.0]], "number_of_nodes_after_rectification_for_each_rule": [[9, 17], [9, 15], [5, 13], [9, 15], [9, 17], [9, 17], [9, 17], [7, 15], [9, 17], [9, 17]], "number_of_nodes_after_retraining_for_each_rule": [[9, 11], [9, 9], [5, 7], [9, 7], [9, 11], [9, 11], [9, 9], [7, 7], [9, 9], [9, 9]], "depth_after_retraining_for_each_rule": [[4, 4], [4, 4], [2, 3], [4, 3], [4, 4], [4, 4], [4, 4], [3, 3], [4, 4], [4, 4]], "depth_after_rectification_for_each_rule": [[4, 5], [4, 5], [2, 5], [4, 5], [4, 5], [4, 5], [4, 5], [3, 5], [4, 5], [4, 5]], "time_retraining_for_each_rule": [[0.004780769348144531], [0.004418611526489258], [0.004983186721801758], [0.004620790481567383], [0.0042994022369384766], [0.004712581634521484], [0.004517793655395508], [0.0043315887451171875], [0.004778146743774414], [0.004565238952636719]], "time_rectification_for_each_rule": [[0.00010228157043457031], [5.125999450683594e-05], [4.1961669921875e-05], [4.553794860839844e-05], [4.4345855712890625e-05], [4.124641418457031e-05], [5.0067901611328125e-05], [5.125999450683594e-05], [4.649162292480469e-05], [5.435943603515625e-05]], "number_of_different_instances_rectification": [[1, 0], [1, 0], [1, 0], [1, 0], [1, 0], [1, 0], [1, 0], [1, 0], [1, 0], [1, 0]], "number_of_different_instances_retraining": [[1, 0], [1, 0], [1, 0], [1, 0], [1, 0], [1, 0], [1, 0], [1, 0], [1, 1], [1, 0]], "nbinstance_initial": [107, 107, 107, 107, 107, 107, 107, 107, 107, 108], "nbinstance_final": [109, 109, 109, 109, 109, 109, 109, 109, 109, 110], "nbinstaddalltree_for_each_rule": [[2], [2], [2], [2], [2], [2], [2], [2], [2], [2]], "nbinstdeletealltree_for_each_rule": [[0], [0], [0], [0], [0], [0], [0], [0], [0], [0]]}