{"dataset name": "german_0.csv", "accuracy_of_the_boosted_tree_on_test_set": 95.71428571428572, "accuracy_of_the_boosted_tree_on_validation_set": 5.0, "columns_of_the_non_binarized_data_set": ["V1_0", "V1_1", "V1_2", "V1_3", "V2", "V3_0", "V3_1", "V3_2", "V3_3", "V3_4", "V4_0", "V4_1", "V4_2", "V4_3", "V4_4", "V4_5", "V4_6", "V4_7", "V4_8", "V4_9", "V5", "V6_0", "V6_1", "V6_2", "V6_3", "V6_4", "V7_0", "V7_1", "V7_2", "V7_3", "V7_4", "V8", "V9_0", "V9_1", "V9_2", "V9_3", "V10_0", "V10_1", "V10_2", "V11", "V12_0", "V12_1", "V12_2", "V12_3", "V13", "V14_0", "V14_1", "V14_2", "V15_0", "V15_1", "V15_2", "V16", "V17_0", "V17_1", "V17_2", "V17_3", "V18", "V19", "V20"], "columns_of_the_binarized_data_set": ["X_1", "X_2", "X_3", "X_4", "X_5", "X_6", "X_7", "X_8", "X_9", "X_10", "X_11", "X_12", "X_13", "X_14", "X_15", "X_16", "X_17", "X_18", "X_19", "X_20", "X_21", "X_22", "X_23", "X_24", "X_25", "X_26", "X_27", "X_28", "X_29", "X_30", "X_31", "X_32", "X_33", "X_34", "X_35", "X_36", "X_37", "X_38", "X_39", "X_40", "X_41", "X_42", "X_43", "X_44", "X_45", "X_46", "X_47", "X_48", "X_49", "X_50", "X_51", "X_52", "X_53", "X_54", "X_55", "X_56", "X_57", "X_58", "X_59", "X_60", "X_61", "X_62", "X_63", "X_64", "X_65", "X_66", "X_67", "X_68", "X_69", "X_70", "X_71", "X_72", "X_73", "X_74", "X_75", "X_76", "X_77", "X_78", "X_79", "X_80", "X_81", "X_82", "X_83", "X_84", "X_85", "X_86", "X_87", "X_88", "X_89", "X_90", "X_91", "X_92", "X_93", "X_94", "X_95", "X_96", "X_97", "X_98", "X_99", "X_100", "X_101", "X_102", "X_103", "X_104", "X_105", "y"], "accuracy_for_each_tree_on_test_set": [97.14285714285714, 95.71428571428572, 94.28571428571428, 94.28571428571428, 94.28571428571428, 92.85714285714286, 90.0, 92.85714285714286, 100.0, 85.71428571428571], "accuracy_for_each_decision_tree_before_correction_on_validation_set_relative_to_the_boosted_tree": [0.9733333333333334, 0.96, 0.9533333333333334, 0.9633333333333334, 0.9733333333333334, 0.95, 0.9566666666666667, 0.95, 0.9466666666666667, 0.9533333333333334], "number_of_nodes_for_each_tree_before_correction": [43, 49, 39, 47, 43, 45, 39, 49, 47, 43], "accuracy_after_retraining_for_each_rule": [[97.33333333333334, 95.66666666666667, 98.66666666666667, 93.66666666666667, 94.66666666666667, 95.66666666666667, 96.33333333333334, 96.33333333333334, 97.66666666666667], [96.0, 96.0, 98.0, 97.66666666666667, 98.0, 93.66666666666667, 96.33333333333334, 96.0, 96.33333333333334, 96.33333333333334, 96.0, 96.33333333333334, 96.66666666666667], [95.33333333333334, 97.33333333333334, 97.33333333333334, 97.0, 96.33333333333334, 96.33333333333334, 97.33333333333334, 98.33333333333333, 98.66666666666667, 98.0, 99.0, 96.33333333333334, 96.66666666666667, 98.0, 97.66666666666667], [96.33333333333334, 96.33333333333334, 98.0, 97.66666666666667, 98.33333333333333, 97.66666666666667, 98.0, 97.66666666666667, 98.33333333333333, 98.33333333333333, 98.33333333333333, 98.33333333333333], [97.33333333333334, 97.66666666666667, 99.0, 96.66666666666667, 96.33333333333334, 96.66666666666667, 98.0, 98.66666666666667, 99.0], [95.0, 97.66666666666667, 97.0, 97.66666666666667, 96.66666666666667, 96.66666666666667, 96.66666666666667, 98.0, 98.0, 97.66666666666667, 97.66666666666667, 98.0, 97.66666666666667, 98.33333333333333, 97.66666666666667, 97.33333333333334], [95.66666666666667, 98.66666666666667, 98.0, 96.0, 98.0, 96.33333333333334, 98.66666666666667, 96.33333333333334, 97.66666666666667, 99.0, 98.66666666666667, 98.0, 98.0, 99.0], [95.0, 96.66666666666667, 96.33333333333334, 97.0, 97.33333333333334, 96.66666666666667, 98.33333333333333, 96.66666666666667, 96.66666666666667, 99.0, 98.33333333333333, 99.0, 99.66666666666667, 99.66666666666667, 99.66666666666667, 96.33333333333334], [94.66666666666667, 97.66666666666667, 98.0, 98.66666666666667, 98.0, 95.66666666666667, 97.0, 96.66666666666667, 97.0, 97.66666666666667, 96.33333333333334, 95.66666666666667, 97.0, 98.66666666666667, 98.33333333333333, 99.0, 98.0], [95.33333333333334, 97.66666666666667, 97.33333333333334, 97.33333333333334, 97.66666666666667, 97.33333333333334, 98.66666666666667, 97.33333333333334, 98.66666666666667, 98.0, 98.66666666666667, 97.66666666666667, 98.33333333333333, 98.66666666666667, 96.33333333333334]], "accuracy_after_rectification_for_each_rule": [[97.33333333333334, 97.66666666666667, 98.0, 98.33333333333333, 98.66666666666667, 99.0, 99.33333333333333, 99.66666666666667, 100.0], [96.0, 96.33333333333334, 96.66666666666667, 97.0, 97.33333333333334, 97.66666666666667, 98.0, 98.33333333333333, 98.66666666666667, 99.0, 99.33333333333333, 99.66666666666667, 100.0], [95.33333333333334, 95.66666666666667, 96.0, 96.33333333333334, 96.66666666666667, 97.0, 97.33333333333334, 97.66666666666667, 98.0, 98.33333333333333, 98.66666666666667, 99.0, 99.33333333333333, 99.66666666666667, 100.0], [96.33333333333334, 96.66666666666667, 97.0, 97.33333333333334, 97.66666666666667, 98.0, 98.33333333333333, 98.66666666666667, 99.0, 99.33333333333333, 99.66666666666667, 100.0], [97.33333333333334, 97.66666666666667, 98.0, 98.33333333333333, 98.66666666666667, 99.0, 99.33333333333333, 99.66666666666667, 100.0], [95.0, 95.33333333333334, 95.66666666666667, 96.0, 96.33333333333334, 96.66666666666667, 97.0, 97.33333333333334, 97.66666666666667, 98.33333333333333, 98.66666666666667, 99.0, 99.33333333333333, 99.66666666666667, 100.0, 100.0], [95.66666666666667, 96.0, 96.33333333333334, 96.66666666666667, 97.0, 97.33333333333334, 97.66666666666667, 98.0, 98.33333333333333, 98.66666666666667, 99.0, 99.33333333333333, 99.66666666666667, 100.0], [95.0, 95.33333333333334, 95.66666666666667, 96.0, 96.33333333333334, 96.66666666666667, 97.0, 97.33333333333334, 97.66666666666667, 98.0, 98.33333333333333, 98.66666666666667, 99.0, 99.33333333333333, 99.66666666666667, 100.0], [94.66666666666667, 95.0, 95.33333333333334, 95.66666666666667, 96.0, 96.33333333333334, 96.66666666666667, 97.0, 97.33333333333334, 97.66666666666667, 98.0, 98.33333333333333, 98.66666666666667, 99.0, 99.33333333333333, 99.66666666666667, 100.0], [95.33333333333334, 95.66666666666667, 96.0, 96.33333333333334, 96.66666666666667, 97.0, 97.33333333333334, 97.66666666666667, 98.0, 98.33333333333333, 98.66666666666667, 99.0, 99.33333333333333, 99.66666666666667, 100.0]], "number_of_nodes_after_rectification_for_each_rule": [[43, 55, 75, 91, 111, 181, 277, 333, 353], [49, 57, 75, 85, 105, 125, 145, 153, 203, 221, 245, 299, 319], [39, 51, 71, 111, 131, 141, 169, 235, 253, 319, 373, 559, 643, 681, 743], [47, 59, 79, 113, 133, 169, 187, 207, 227, 249, 303, 315], [43, 47, 67, 85, 117, 157, 175, 189, 249], [45, 57, 71, 99, 125, 147, 165, 201, 221, 387, 403, 413, 477, 535, 585, 773], [39, 69, 87, 155, 217, 257, 271, 287, 359, 373, 413, 483, 545, 621], [49, 59, 79, 119, 139, 149, 157, 231, 249, 315, 331, 351, 455, 525, 565, 625], [47, 55, 75, 115, 135, 145, 161, 213, 231, 319, 385, 403, 427, 487, 533, 595, 635], [43, 127, 145, 189, 205, 233, 299, 317, 343, 427, 437, 533, 551, 639, 681]], "number_of_nodes_after_retraining_for_each_rule": [[43, 39, 43, 47, 41, 47, 49, 49, 45], [49, 43, 45, 45, 45, 49, 45, 43, 43, 45, 43, 43, 47], [39, 41, 45, 43, 47, 47, 49, 47, 43, 43, 45, 41, 41, 43, 43], [47, 41, 37, 37, 37, 37, 37, 35, 39, 37, 31, 31], [43, 39, 29, 31, 37, 43, 41, 45, 39], [45, 43, 43, 47, 45, 47, 47, 41, 41, 41, 43, 43, 43, 45, 45, 51], [39, 39, 39, 33, 41, 45, 19, 41, 41, 39, 39, 39, 41, 41], [49, 45, 41, 45, 45, 45, 47, 51, 51, 49, 47, 43, 49, 49, 49, 49], [47, 45, 47, 49, 41, 39, 43, 43, 43, 43, 43, 43, 43, 51, 51, 51, 45], [43, 37, 43, 35, 37, 35, 39, 35, 37, 29, 27, 39, 39, 25, 35]],