{"dataset name": "../../../../../datasets/arrowhead_0_vs_2", "accuracy_of_the_boosted_tree_on_test_set": 90.32258064516128, "f1_score_of_the_boosted_tree_on_test_set": 92.30769230769229, "accuracy_of_the_boosted_tree_on_validation_set": 84.0909090909091, "columns_of_the_non_binarized_data_set": ["V1", "V2", "V3", "V4", "V5", "V6", "V7", "V8", "V9", "V10", "V11", "V12", "V13", "V14", "V15", "V16", "V17", "V18", "V19", "V20", "V21", "V22", "V23", "V24", "V25", "V26", "V27", "V28", "V29", "V30", "V31", "V32", "V33", "V34", "V35", "V36", "V37", "V38", "V39", "V40", "V41", "V42", "V43", "V44", "V45", "V46", "V47", "V48", "V49", "V50", "V51", "V52", "V53", "V54", "V55", "V56", "V57", "V58", "V59", "V60", "V61", "V62", "V63", "V64", "V65", "V66", "V67", "V68", "V69", "V70", "V71", "V72", "V73", "V74", "V75", "V76", "V77", "V78", "V79", "V80", "V81", "V82", "V83", "V84", "V85", "V86", "V87", "V88", "V89", "V90", "V91", "V92", "V93", "V94", "V95", "V96", "V97", "V98", "V99", "V100", "V101", "V102", "V103", "V104", "V105", "V106", "V107", "V108", "V109", "V110", "V111", "V112", "V113", "V114", "V115", "V116", "V117", "V118", "V119", "V120", "V121", "V122", "V123", "V124", "V125", "V126", "V127", "V128", "V129", "V130", "V131", "V132", "V133", "V134", "V135", "V136", "V137", "V138", "V139", "V140", "V141", "V142", "V143", "V144", "V145", "V146", "V147", "V148", "V149", "V150", "V151", "V152", "V153", "V154", "V155", "V156", "V157", "V158", "V159", "V160", "V161", "V162", "V163", "V164", "V165", "V166", "V167", "V168", "V169", "V170", "V171", "V172", "V173", "V174", "V175", "V176", "V177", "V178", "V179", "V180", "V181", "V182", "V183", "V184", "V185", "V186", "V187", "V188", "V189", "V190", "V191", "V192", "V193", "V194", "V195", "V196", "V197", "V198", "V199", "V200", "V201", "V202", "V203", "V204", "V205", "V206", "V207", "V208", "V209", "V210", "V211", "V212", "V213", "V214", "V215", "V216", "V217", "V218", "V219", "V220", "V221", "V222", "V223", "V224", "V225", "V226", "V227", "V228", "V229", "V230", "V231", "V232", "V233", "V234", "V235", "V236", "V237", "V238", "V239", "V240", "V241", "V242", "V243", "V244", "V245", "V246", "V247", "V248", "V249", "label"], "columns_of_the_binarized_data_set": ["X_1", "X_2", "X_3", "X_4", "X_5", "X_6", "X_7", "X_8", "X_9", "X_10", "X_11", "X_12", "X_13", "X_14", "X_15", "X_16", "X_17", "X_18", "X_19", "X_20", "y"], "accuracy_for_each_tree_on_test_set": [90.9090909090909, 90.9090909090909, 90.0, 100.0, 100.0, 100.0, 100.0, 100.0, 100.0, 80.0], "f1_score_for_each_tree_on_test_set": [92.3076923076923, 92.3076923076923, 92.3076923076923, 100.0, 100.0, 100.0, 100.0, 100.0, 100.0, 66.66666666666666], "accuracy_for_each_decision_tree_before_correction_on_validation_set_relative_to_the_boosted_tree": [0.9318181818181818, 1.0, 0.9545454545454546, 0.9545454545454546, 0.9545454545454546, 0.9545454545454546, 0.9545454545454546, 0.9318181818181818, 0.9318181818181818, 0.8863636363636364], "number_of_nodes_for_each_tree_before_correction": [13, 9, 9, 17, 13, 13, 13, 13, 13, 11], "accuracy_after_retraining_for_each_rule": [[93.18181818181817, 100.0, 100.0], [100.0], [95.45454545454545, 97.72727272727273], [95.45454545454545, 100.0, 100.0], [95.45454545454545, 100.0, 100.0], [95.45454545454545, 100.0, 100.0], [95.45454545454545, 100.0, 100.0], [93.18181818181817, 100.0, 100.0], [93.18181818181817, 100.0, 100.0], [88.63636363636364, 97.72727272727273, 97.72727272727273]], "accuracy_after_rectification_for_each_rule": [[93.18181818181817, 97.72727272727273, 100.0], [100.0], [95.45454545454545, 100.0], [95.45454545454545, 97.72727272727273, 100.0], [95.45454545454545, 97.72727272727273, 100.0], [95.45454545454545, 97.72727272727273, 100.0], [95.45454545454545, 97.72727272727273, 100.0], [93.18181818181817, 97.72727272727273, 100.0], [93.18181818181817, 97.72727272727273, 100.0], [88.63636363636364, 95.45454545454545, 100.0]], "number_of_nodes_after_rectification_for_each_rule": [[13, 17, 27], [9], [9, 21], [17, 23, 31], [13, 17, 27], [13, 17, 27], [13, 17, 27], [13, 23, 29], [13, 23, 29], [11, 19, 23]], "number_of_nodes_after_retraining_for_each_rule": [[13, 9, 11], [9], [9, 9], [17, 5, 9], [13, 9, 11], [13, 9, 11], [13, 9, 11], [13, 9, 11], [13, 9, 11], [11, 7, 7]], "depth_after_retraining_for_each_rule": [[5, 3, 4], [3], [3, 3], [6, 2, 3], [4, 3, 4], [4, 3, 4], [4, 3, 4], [5, 3, 4], [5, 3, 4], [4, 3, 3]], "depth_after_rectification_for_each_rule": [[5, 7, 9], [3], [3, 6], [6, 7, 9], [4, 6, 8], [4, 6, 8], [4, 6, 8], [5, 7, 7], [5, 7, 7], [4, 6, 7]], "time_retraining_for_each_rule": [[0.030879735946655273, 0.058152198791503906], [], [0.025905609130859375], [0.030997276306152344, 0.04295015335083008], [0.031427621841430664, 0.0590972900390625], [0.03174734115600586, 0.05798530578613281], [0.03187298774719238, 0.0592799186706543], [0.0315089225769043, 0.05834555625915527], [0.031188249588012695, 0.05908513069152832], [0.032347679138183594, 0.059366464614868164]], "time_rectification_for_each_rule": [[9.894371032714844e-05, 6.937980651855469e-05], [], [0.00018715858459472656], [5.173683166503906e-05, 6.103515625e-05], [4.649162292480469e-05, 5.364418029785156e-05], [4.482269287109375e-05, 4.935264587402344e-05], [4.2438507080078125e-05, 4.839897155761719e-05], [4.982948303222656e-05, 5.245208740234375e-05], [5.2928924560546875e-05, 5.269050598144531e-05], [4.315376281738281e-05, 0.00010371208190917969]], "number_of_different_instances_rectification": [[3, 1, 0], [0], [2, 0], [2, 1, 0], [2, 1, 0], [2, 1, 0], [2, 1, 0], [3, 1, 0], [3, 1, 0], [5, 2, 0]], "number_of_different_instances_retraining": [[3, 0, 0], [0], [2, 1], [2, 0, 0], [2, 0, 0], [2, 0, 0], [2, 0, 0], [3, 0, 0], [3, 0, 0], [5, 1, 1]], "nbinstance_initial": [91, 91, 92, 92, 92, 92, 92, 92, 92, 92], "nbinstance_final": [1401, 91, 747, 1074, 1402, 1402, 1402, 1402, 1402, 1403], "nbinstaddalltree_for_each_rule": [[656, 656], [], [656], [656, 328], [656, 656], [656, 656], [656, 656], [656, 656], [656, 656], [656, 656]], "nbinstdeletealltree_for_each_rule": [[2, 0], [], [1], [2, 0], [2, 0], [2, 0], [2, 0], [2, 0], [2, 0], [1, 0]]}