{"dataset name": "../../../../../datasets/arrowhead_0_vs_1", "accuracy_of_the_boosted_tree_on_test_set": 90.32258064516128, "f1_score_of_the_boosted_tree_on_test_set": 91.89189189189189, "accuracy_of_the_boosted_tree_on_validation_set": 81.81818181818183, "columns_of_the_non_binarized_data_set": ["V1", "V2", "V3", "V4", "V5", "V6", "V7", "V8", "V9", "V10", "V11", "V12", "V13", "V14", "V15", "V16", "V17", "V18", "V19", "V20", "V21", "V22", "V23", "V24", "V25", "V26", "V27", "V28", "V29", "V30", "V31", "V32", "V33", "V34", "V35", "V36", "V37", "V38", "V39", "V40", "V41", "V42", "V43", "V44", "V45", "V46", "V47", "V48", "V49", "V50", "V51", "V52", "V53", "V54", "V55", "V56", "V57", "V58", "V59", "V60", "V61", "V62", "V63", "V64", "V65", "V66", "V67", "V68", "V69", "V70", "V71", "V72", "V73", "V74", "V75", "V76", "V77", "V78", "V79", "V80", "V81", "V82", "V83", "V84", "V85", "V86", "V87", "V88", "V89", "V90", "V91", "V92", "V93", "V94", "V95", "V96", "V97", "V98", "V99", "V100", "V101", "V102", "V103", "V104", "V105", "V106", "V107", "V108", "V109", "V110", "V111", "V112", "V113", "V114", "V115", "V116", "V117", "V118", "V119", "V120", "V121", "V122", "V123", "V124", "V125", "V126", "V127", "V128", "V129", "V130", "V131", "V132", "V133", "V134", "V135", "V136", "V137", "V138", "V139", "V140", "V141", "V142", "V143", "V144", "V145", "V146", "V147", "V148", "V149", "V150", "V151", "V152", "V153", "V154", "V155", "V156", "V157", "V158", "V159", "V160", "V161", "V162", "V163", "V164", "V165", "V166", "V167", "V168", "V169", "V170", "V171", "V172", "V173", "V174", "V175", "V176", "V177", "V178", "V179", "V180", "V181", "V182", "V183", "V184", "V185", "V186", "V187", "V188", "V189", "V190", "V191", "V192", "V193", "V194", "V195", "V196", "V197", "V198", "V199", "V200", "V201", "V202", "V203", "V204", "V205", "V206", "V207", "V208", "V209", "V210", "V211", "V212", "V213", "V214", "V215", "V216", "V217", "V218", "V219", "V220", "V221", "V222", "V223", "V224", "V225", "V226", "V227", "V228", "V229", "V230", "V231", "V232", "V233", "V234", "V235", "V236", "V237", "V238", "V239", "V240", "V241", "V242", "V243", "V244", "V245", "V246", "V247", "V248", "V249", "label"], "columns_of_the_binarized_data_set": ["X_1", "X_2", "X_3", "X_4", "X_5", "X_6", "X_7", "X_8", "X_9", "X_10", "X_11", "X_12", "X_13", "X_14", "X_15", "X_16", "X_17", "X_18", "X_19", "X_20", "X_21", "X_22", "X_23", "X_24", "X_25", "X_26", "X_27", "X_28", "X_29", "X_30", "X_31", "X_32", "X_33", "X_34", "X_35", "X_36", "X_37", "X_38", "X_39", "y"], "accuracy_for_each_tree_on_test_set": [90.9090909090909, 81.81818181818183, 70.0, 100.0, 100.0, 100.0, 80.0, 80.0, 90.0, 80.0], "f1_score_for_each_tree_on_test_set": [92.3076923076923, 83.33333333333334, 72.72727272727272, 100.0, 100.0, 100.0, 83.33333333333333, 74.99999999999999, 92.3076923076923, 75.0], "accuracy_for_each_decision_tree_before_correction_on_validation_set_relative_to_the_boosted_tree": [1.0, 0.9772727272727273, 0.9090909090909091, 0.9772727272727273, 0.9772727272727273, 0.9772727272727273, 0.9545454545454546, 0.9545454545454546, 0.9772727272727273, 0.9545454545454546], "number_of_nodes_for_each_tree_before_correction": [15, 19, 17, 19, 19, 19, 13, 15, 19, 19], "accuracy_after_retraining_for_each_rule": [[100.0], [97.72727272727273, 100.0], [90.9090909090909, 97.72727272727273, 97.72727272727273, 97.72727272727273, 97.72727272727273], [97.72727272727273, 97.72727272727273], [97.72727272727273, 97.72727272727273], [97.72727272727273, 97.72727272727273], [95.45454545454545, 100.0, 100.0], [95.45454545454545, 95.45454545454545, 93.18181818181817], [97.72727272727273, 97.72727272727273], [95.45454545454545, 97.72727272727273, 97.72727272727273]], "accuracy_after_rectification_for_each_rule": [[100.0], [97.72727272727273, 100.0], [90.9090909090909, 93.18181818181817, 95.45454545454545, 97.72727272727273, 100.0], [97.72727272727273, 100.0], [97.72727272727273, 100.0], [97.72727272727273, 100.0], [95.45454545454545, 97.72727272727273, 100.0], [95.45454545454545, 97.72727272727273, 100.0], [97.72727272727273, 100.0], [95.45454545454545, 97.72727272727273, 100.0]], "number_of_nodes_after_rectification_for_each_rule": [[15], [19, 75], [17, 61, 89, 129, 151], [19, 79], [19, 37], [19, 55], [13, 73, 97], [15, 75, 123], [19, 79], [19, 53, 81]], "number_of_nodes_after_retraining_for_each_rule": [[15], [19, 17], [17, 19, 19, 21, 19], [19, 17], [19, 19], [19, 19], [13, 15, 21], [15, 19, 19], [19, 19], [19, 13, 13]], "depth_after_retraining_for_each_rule": [[4], [5, 5], [4, 6, 5, 5, 5], [5, 5], [4, 6], [5, 6], [5, 4, 5], [4, 6, 6], [5, 6], [6, 4, 5]], "depth_after_rectification_for_each_rule": [[4], [5, 14], [4, 15, 15, 15, 15], [5, 15], [4, 13], [5, 13], [5, 15, 15], [4, 14, 16], [5, 15], [6, 14, 14]], "time_retraining_for_each_rule": [[], [0.04384255409240723], [0.0500180721282959, 0.09685206413269043, 0.14477181434631348, 0.19193243980407715], [0.04448103904724121], [0.04454612731933594], [0.04432368278503418], [0.046347618103027344, 0.08842802047729492], [0.04666852951049805, 0.08909463882446289], [0.04478096961975098], [0.042864322662353516, 0.08389782905578613]], "time_rectification_for_each_rule": [[], [0.00015473365783691406], [0.0001494884490966797, 0.0001583099365234375, 0.00015664100646972656, 0.00033974647521972656], [0.00011372566223144531], [7.486343383789062e-05], [8.726119995117188e-05], [9.560585021972656e-05, 0.0001838207244873047], [0.0001068115234375, 0.00019741058349609375], [0.000110626220703125], [8.511543273925781e-05, 0.00010895729064941406]], "number_of_different_instances_rectification": [[0], [1, 0], [4, 3, 2, 1, 0], [1, 0], [1, 0], [1, 0], [2, 1, 0], [2, 1, 0], [1, 0], [2, 1, 0]], "number_of_different_instances_retraining": [[0], [1, 0], [4, 1, 1, 1, 1], [1, 1], [1, 1], [1, 1], [2, 0, 0], [2, 2, 3], [1, 1], [2, 1, 1]], "nbinstance_initial": [91, 91, 92, 92, 92, 92, 92, 92, 92, 92], "nbinstance_final": [91, 1091, 4095, 1092, 1092, 1092, 2093, 2093, 1092, 2093], "nbinstaddalltree_for_each_rule": [[], [1001], [1001, 1001, 1001, 1001], [1001], [1001], [1001], [1001, 1001], [1001, 1001], [1001], [1001, 1001]], "nbinstdeletealltree_for_each_rule": [[], [1], [1, 0, 0, 0], [1], [1], [1], [1, 0], [1, 0], [1], [1, 0]]}