{"dataset name": "../../../../../datasets/arrowhead_1_vs_2", "accuracy_of_the_boosted_tree_on_test_set": 75.0, "f1_score_of_the_boosted_tree_on_test_set": 72.0, "accuracy_of_the_boosted_tree_on_validation_set": 74.35897435897436, "columns_of_the_non_binarized_data_set": ["V1", "V2", "V3", "V4", "V5", "V6", "V7", "V8", "V9", "V10", "V11", "V12", "V13", "V14", "V15", "V16", "V17", "V18", "V19", "V20", "V21", "V22", "V23", "V24", "V25", "V26", "V27", "V28", "V29", "V30", "V31", "V32", "V33", "V34", "V35", "V36", "V37", "V38", "V39", "V40", "V41", "V42", "V43", "V44", "V45", "V46", "V47", "V48", "V49", "V50", "V51", "V52", "V53", "V54", "V55", "V56", "V57", "V58", "V59", "V60", "V61", "V62", "V63", "V64", "V65", "V66", "V67", "V68", "V69", "V70", "V71", "V72", "V73", "V74", "V75", "V76", "V77", "V78", "V79", "V80", "V81", "V82", "V83", "V84", "V85", "V86", "V87", "V88", "V89", "V90", "V91", "V92", "V93", "V94", "V95", "V96", "V97", "V98", "V99", "V100", "V101", "V102", "V103", "V104", "V105", "V106", "V107", "V108", "V109", "V110", "V111", "V112", "V113", "V114", "V115", "V116", "V117", "V118", "V119", "V120", "V121", "V122", "V123", "V124", "V125", "V126", "V127", "V128", "V129", "V130", "V131", "V132", "V133", "V134", "V135", "V136", "V137", "V138", "V139", "V140", "V141", "V142", "V143", "V144", "V145", "V146", "V147", "V148", "V149", "V150", "V151", "V152", "V153", "V154", "V155", "V156", "V157", "V158", "V159", "V160", "V161", "V162", "V163", "V164", "V165", "V166", "V167", "V168", "V169", "V170", "V171", "V172", "V173", "V174", "V175", "V176", "V177", "V178", "V179", "V180", "V181", "V182", "V183", "V184", "V185", "V186", "V187", "V188", "V189", "V190", "V191", "V192", "V193", "V194", "V195", "V196", "V197", "V198", "V199", "V200", "V201", "V202", "V203", "V204", "V205", "V206", "V207", "V208", "V209", "V210", "V211", "V212", "V213", "V214", "V215", "V216", "V217", "V218", "V219", "V220", "V221", "V222", "V223", "V224", "V225", "V226", "V227", "V228", "V229", "V230", "V231", "V232", "V233", "V234", "V235", "V236", "V237", "V238", "V239", "V240", "V241", "V242", "V243", "V244", "V245", "V246", "V247", "V248", "V249", "label"], "columns_of_the_binarized_data_set": ["X_1", "X_2", "X_3", "X_4", "X_5", "X_6", "X_7", "X_8", "X_9", "X_10", "X_11", "X_12", "X_13", "X_14", "X_15", "X_16", "X_17", "X_18", "X_19", "X_20", "X_21", "X_22", "X_23", "X_24", "X_25", "X_26", "X_27", "y"], "accuracy_for_each_tree_on_test_set": [90.0, 88.88888888888889, 77.77777777777779, 100.0, 88.88888888888889, 100.0, 100.0, 88.88888888888889, 88.88888888888889, 100.0], "f1_score_for_each_tree_on_test_set": [85.71428571428571, 90.9090909090909, 80.00000000000001, 100.0, 80.0, 100.0, 100.0, 88.8888888888889, 90.9090909090909, 100.0], "accuracy_for_each_decision_tree_before_correction_on_validation_set_relative_to_the_boosted_tree": [0.8974358974358975, 0.8974358974358975, 0.8717948717948718, 0.8974358974358975, 0.9230769230769231, 0.8974358974358975, 0.8974358974358975, 0.9230769230769231, 0.9743589743589743, 0.8974358974358975], "number_of_nodes_for_each_tree_before_correction": [13, 13, 11, 15, 13, 15, 15, 13, 15, 15], "accuracy_after_retraining_for_each_rule": [[89.74358974358975, 97.43589743589743, 97.43589743589743, 92.3076923076923], [89.74358974358975, 84.61538461538461, 82.05128205128204, 87.17948717948718, 97.43589743589743], [87.17948717948718, 87.17948717948718, 87.17948717948718, 84.61538461538461, 92.3076923076923, 97.43589743589743], [89.74358974358975, 84.61538461538461, 84.61538461538461, 87.17948717948718, 89.74358974358975], [92.3076923076923, 82.05128205128204, 84.61538461538461, 87.17948717948718], [89.74358974358975, 84.61538461538461, 84.61538461538461, 87.17948717948718, 92.3076923076923], [89.74358974358975, 89.74358974358975, 87.17948717948718, 87.17948717948718, 94.87179487179486], [92.3076923076923, 79.48717948717949, 84.61538461538461, 87.17948717948718], [97.43589743589743, 82.05128205128204], [89.74358974358975, 84.61538461538461, 84.61538461538461, 89.74358974358975, 92.3076923076923]], "accuracy_after_rectification_for_each_rule": [[89.74358974358975, 92.3076923076923, 94.87179487179486, 100.0], [89.74358974358975, 92.3076923076923, 94.87179487179486, 97.43589743589743, 100.0], [87.17948717948718, 89.74358974358975, 92.3076923076923, 94.87179487179486, 97.43589743589743, 100.0], [89.74358974358975, 92.3076923076923, 94.87179487179486, 97.43589743589743, 100.0], [92.3076923076923, 94.87179487179486, 97.43589743589743, 100.0], [89.74358974358975, 92.3076923076923, 94.87179487179486, 97.43589743589743, 100.0], [89.74358974358975, 92.3076923076923, 94.87179487179486, 97.43589743589743, 100.0], [92.3076923076923, 94.87179487179486, 97.43589743589743, 100.0], [97.43589743589743, 100.0], [89.74358974358975, 92.3076923076923, 94.87179487179486, 97.43589743589743, 100.0]], "number_of_nodes_after_rectification_for_each_rule": [[13, 25, 49, 65], [13, 37, 61, 79, 87], [11, 25, 51, 63, 73, 91], [15, 39, 63, 81, 89], [13, 25, 43, 51], [15, 39, 63, 81, 89], [15, 39, 63, 81, 89], [13, 25, 43, 51], [15, 41], [15, 39, 63, 81, 89]], "number_of_nodes_after_retraining_for_each_rule": [[13, 17, 17, 21], [13, 17, 17, 19, 27], [11, 15, 19, 19, 19, 25], [15, 21, 21, 23, 29], [13, 17, 17, 19], [15, 21, 21, 23, 29], [15, 21, 21, 23, 27], [13, 21, 21, 19], [15, 21], [15, 21, 21, 23, 29]], "depth_after_retraining_for_each_rule": [[4, 5, 5, 5], [6, 5, 5, 5, 6], [5, 5, 5, 5, 5, 6], [6, 5, 5, 5, 6], [5, 4, 4, 4], [6, 5, 5, 5, 6], [6, 5, 5, 5, 6], [5, 5, 5, 4], [5, 5], [6, 5, 5, 5, 6]], "depth_after_rectification_for_each_rule": [[4, 10, 11, 11], [6, 12, 13, 13, 13], [5, 9, 11, 11, 11, 11], [6, 12, 13, 13, 13], [5, 11, 11, 11], [6, 12, 13, 13, 13], [6, 12, 13, 13, 13], [5, 11, 11, 11], [5, 11], [6, 12, 13, 13, 13]], "time_retraining_for_each_rule": [[0.04789876937866211, 0.09752035140991211, 0.13700199127197266], [0.04014110565185547, 0.08493924140930176, 0.1356041431427002, 0.1787095069885254], [0.05071759223937988, 0.10615158081054688, 0.14855480194091797, 0.19368743896484375, 0.24045372009277344], [0.03950071334838867, 0.08650851249694824, 0.13631820678710938, 0.1789717674255371], [0.03865528106689453, 0.08351540565490723, 0.12512826919555664], [0.03940916061401367, 0.08629584312438965, 0.13396096229553223, 0.17789006233215332], [0.03958725929260254, 0.08620834350585938, 0.136061429977417, 0.17882418632507324], [0.03812718391418457, 0.08426427841186523, 0.12292957305908203], [0.039855241775512695], [0.039267778396606445, 0.08571314811706543, 0.13599705696105957, 0.17864680290222168]], "time_rectification_for_each_rule": [[0.00011396408081054688, 9.012222290039062e-05, 0.00010061264038085938], [7.295608520507812e-05, 9.012222290039062e-05, 0.0001220703125, 0.00014066696166992188], [5.650520324707031e-05, 7.677078247070312e-05, 0.00022864341735839844, 0.00011396408081054688, 0.00011992454528808594], [7.510185241699219e-05, 9.322166442871094e-05, 0.00012040138244628906, 0.00014400482177734375], [6.866455078125e-05, 7.724761962890625e-05, 9.322166442871094e-05], [8.368492126464844e-05, 9.441375732421875e-05, 0.00012302398681640625, 0.0001430511474609375], [8.034706115722656e-05, 8.988380432128906e-05, 0.00012040138244628906, 0.00014138221740722656], [6.914138793945312e-05, 0.00012421607971191406, 9.703636169433594e-05], [7.82012939453125e-05], [7.915496826171875e-05, 9.059906005859375e-05, 0.00011897087097167969, 0.00014281272888183594]], "number_of_different_instances_rectification": [[4, 3, 2, 0], [4, 3, 2, 1, 0], [5, 4, 3, 2, 1, 0], [4, 3, 2, 1, 0], [3, 2, 1, 0], [4, 3, 2, 1, 0], [4, 3, 2, 1, 0], [3, 2, 1, 0], [1, 0], [4, 3, 2, 1, 0]], "number_of_different_instances_retraining": [[4, 1, 1, 3], [4, 6, 7, 5, 1], [5, 5, 5, 6, 3, 1], [4, 6, 6, 5, 4], [3, 7, 6, 5], [4, 6, 6, 5, 3], [4, 4, 5, 5, 2], [3, 8, 6, 5], [1, 7], [4, 6, 6, 4, 3]], "nbinstance_initial": [81, 82, 82, 82, 82, 82, 82, 82, 82, 82], "nbinstance_final": [3084, 3741, 4742, 3741, 2740, 3741, 3741, 2740, 1083, 3741],