{"dataset name": "bupa_3.csv", "accuracy_of_the_boosted_tree_on_test_set": 97.26027397260275, "accuracy_of_the_boosted_tree_on_validation_set": 79.8076923076923, "columns_of_the_non_binarized_data_set": ["mcv", "alkphos", "sgpt", "sgot", "gammagt", "drinks"], "columns_of_the_binarized_data_set": ["X_1", "X_2", "X_3", "X_4", "X_5", "X_6", "X_7", "X_8", "X_9", "X_10", "X_11", "X_12", "X_13", "X_14", "X_15", "X_16", "X_17", "X_18", "X_19", "X_20", "X_21", "X_22", "X_23", "X_24", "X_25", "X_26", "X_27", "X_28", "X_29", "X_30", "X_31", "X_32", "X_33", "X_34", "X_35", "X_36", "X_37", "X_38", "X_39", "X_40", "X_41", "X_42", "X_43", "X_44", "X_45", "X_46", "X_47", "X_48", "X_49", "X_50", "X_51", "X_52", "X_53", "X_54", "X_55", "X_56", "X_57", "X_58", "X_59", "X_60", "X_61", "X_62", "X_63", "X_64", "X_65", "X_66", "X_67", "X_68", "X_69", "X_70", "X_71", "X_72", "X_73", "X_74", "X_75", "X_76", "X_77", "X_78", "X_79", "X_80", "X_81", "X_82", "X_83", "X_84", "X_85", "X_86", "X_87", "X_88", "X_89", "X_90", "X_91", "X_92", "X_93", "X_94", "X_95", "X_96", "X_97", "X_98", "X_99", "X_100", "X_101", "X_102", "X_103", "X_104", "X_105", "X_106", "X_107", "X_108", "y"], "accuracy_for_each_tree_on_test_set": [96.0, 91.66666666666666, 91.66666666666666, 79.16666666666666, 95.83333333333334, 75.0, 70.83333333333334, 87.5, 83.33333333333334, 95.83333333333334], "accuracy_for_each_decision_tree_before_correction_on_validation_set_relative_to_the_boosted_tree": [0.9423076923076923, 0.8846153846153846, 0.9326923076923077, 0.9615384615384616, 0.9326923076923077, 0.9134615384615384, 0.9038461538461539, 0.8846153846153846, 0.8942307692307693, 0.9615384615384616], "number_of_nodes_for_each_tree_before_correction": [59, 51, 55, 51, 57, 41, 51, 55, 51, 53], "accuracy_after_retraining_for_each_rule": [[94.23076923076923, 87.5, 89.42307692307693, 89.42307692307693, 89.42307692307693, 89.42307692307693, 95.1923076923077], [88.46153846153845, 93.26923076923077, 85.57692307692307, 82.6923076923077, 87.5, 85.57692307692307, 91.34615384615384, 93.26923076923077, 93.26923076923077, 92.3076923076923, 93.26923076923077, 90.38461538461539, 92.3076923076923], [93.26923076923077, 85.57692307692307, 93.26923076923077, 83.65384615384616, 86.53846153846155, 89.42307692307693, 87.5, 88.46153846153845], [96.15384615384616, 89.42307692307693, 89.42307692307693, 80.76923076923077, 88.46153846153845], [93.26923076923077, 86.53846153846155, 85.57692307692307, 84.61538461538461, 85.57692307692307, 88.46153846153845, 85.57692307692307, 85.57692307692307], [91.34615384615384, 94.23076923076923, 91.34615384615384, 92.3076923076923, 88.46153846153845, 91.34615384615384, 91.34615384615384, 91.34615384615384, 93.26923076923077], [90.38461538461539, 89.42307692307693, 85.57692307692307, 82.6923076923077, 85.57692307692307, 90.38461538461539, 93.26923076923077, 91.34615384615384, 90.38461538461539, 91.34615384615384, 94.23076923076923], [88.46153846153845, 90.38461538461539, 85.57692307692307, 87.5, 88.46153846153845, 86.53846153846155, 92.3076923076923, 92.3076923076923, 91.34615384615384, 92.3076923076923, 93.26923076923077, 91.34615384615384, 92.3076923076923], [89.42307692307693, 90.38461538461539, 88.46153846153845, 89.42307692307693, 90.38461538461539, 91.34615384615384, 91.34615384615384, 91.34615384615384, 90.38461538461539, 91.34615384615384, 96.15384615384616, 94.23076923076923], [96.15384615384616, 89.42307692307693, 87.5, 83.65384615384616, 84.61538461538461]], "accuracy_after_rectification_for_each_rule": [[94.23076923076923, 95.1923076923077, 96.15384615384616, 97.11538461538461, 98.07692307692307, 99.03846153846155, 100.0], [88.46153846153845, 89.42307692307693, 90.38461538461539, 91.34615384615384, 92.3076923076923, 93.26923076923077, 94.23076923076923, 95.1923076923077, 96.15384615384616, 97.11538461538461, 98.07692307692307, 99.03846153846155, 100.0], [93.26923076923077, 94.23076923076923, 95.1923076923077, 96.15384615384616, 97.11538461538461, 98.07692307692307, 99.03846153846155, 100.0], [96.15384615384616, 97.11538461538461, 98.07692307692307, 99.03846153846155, 100.0], [93.26923076923077, 94.23076923076923, 95.1923076923077, 96.15384615384616, 97.11538461538461, 98.07692307692307, 99.03846153846155, 100.0], [91.34615384615384, 92.3076923076923, 93.26923076923077, 94.23076923076923, 95.1923076923077, 96.15384615384616, 97.11538461538461, 98.07692307692307, 100.0], [90.38461538461539, 91.34615384615384, 92.3076923076923, 93.26923076923077, 94.23076923076923, 95.1923076923077, 96.15384615384616, 97.11538461538461, 98.07692307692307, 99.03846153846155, 100.0], [88.46153846153845, 89.42307692307693, 90.38461538461539, 91.34615384615384, 92.3076923076923, 93.26923076923077, 94.23076923076923, 95.1923076923077, 96.15384615384616, 97.11538461538461, 98.07692307692307, 99.03846153846155, 100.0], [89.42307692307693, 90.38461538461539, 91.34615384615384, 92.3076923076923, 93.26923076923077, 94.23076923076923, 95.1923076923077, 96.15384615384616, 97.11538461538461, 98.07692307692307, 99.03846153846155, 100.0], [96.15384615384616, 97.11538461538461, 98.07692307692307, 99.03846153846155, 100.0]], "number_of_nodes_after_rectification_for_each_rule": [[59, 69, 81, 83, 99, 105, 111], [51, 65, 97, 119, 127, 145, 157, 169, 181, 229, 247, 253, 283], [55, 81, 87, 103, 113, 127, 169, 171], [51, 89, 105, 113, 117], [57, 83, 93, 109, 125, 133, 147, 159], [41, 47, 57, 71, 85, 91, 105, 111, 117], [51, 89, 127, 149, 155, 161, 195, 201, 209, 235, 267], [55, 81, 87, 91, 99, 119, 155, 159, 165, 171, 181, 195, 201], [51, 93, 127, 141, 153, 173, 189, 209, 217, 245, 259, 271], [53, 61, 75, 79, 85]], "number_of_nodes_after_retraining_for_each_rule": [[59, 47, 49, 57, 53, 65, 61], [51, 47, 49, 49, 51, 57, 51, 49, 47, 79, 81, 95, 93], [55, 49, 47, 61, 61, 65, 63, 63], [51, 51, 49, 55, 55], [57, 49, 47, 51, 49, 49, 55, 57], [41, 31, 35, 41, 47, 47, 51, 45, 41], [51, 53, 49, 45, 61, 61, 63, 75, 63, 65, 75], [55, 47, 45, 53, 51, 51, 61, 65, 65, 57, 57, 69, 63], [51, 43, 49, 47, 49, 51, 57, 57, 53, 83, 77, 87], [53, 57, 55, 55, 55]], "depth_after_retraining_for_each_rule": [[9, 8, 8, 9, 10, 9, 12], [11, 8, 9, 7, 7, 7, 7, 7, 7, 15, 15, 15, 15], [9, 9, 9, 10, 10, 10, 9, 9], [11, 10, 10, 12, 10], [10, 10, 10, 11, 10, 10, 11, 11], [7, 8, 8, 8, 12, 9, 9, 10, 12], [10, 10, 10, 8, 8, 8, 9, 10, 9, 9, 14], [11, 8, 8, 9, 9, 9, 9, 8, 8, 9, 9, 11, 8], [8, 8, 8, 7, 8, 9, 10, 10, 9, 11, 10, 15], [10, 8, 8, 8, 8]], "depth_after_rectification_for_each_rule": [[9, 11, 12, 12, 12, 12, 12], [11, 13, 14, 14, 14, 14, 17, 20, 20, 20, 20, 20, 20], [9, 14, 14, 14, 14, 14, 14, 14], [11, 14, 14, 14, 14], [10, 13, 13, 13, 13, 13, 13, 13], [7, 8, 10, 10, 12, 12, 13, 13, 13], [10, 15, 16, 16, 16, 16, 16, 16, 16, 16, 16], [11, 14, 14, 14, 14, 14, 14, 14, 14, 14, 14, 14, 14], [8, 10, 12, 12, 12, 12, 12, 12, 12, 12, 12, 13], [10, 14, 14, 14, 16]],