{"dataset name": "cleveland_nominal_2_0.csv", "accuracy_of_the_boosted_tree_on_test_set": 87.5, "accuracy_of_the_boosted_tree_on_validation_set": 81.31868131868131, "columns_of_the_non_binarized_data_set": ["age", "sex", "cp_0", "cp_1", "cp_2", "cp_3", "trestbps", "chol", "fbs", "restecg_0", "restecg_1", "restecg_2", "thalach", "exang", "oldpeak", "slope_0", "slope_1", "slope_2", "ca", "thal_0", "thal_1", "thal_2", "thal_3", "binaryClass"], "columns_of_the_binarized_data_set": ["X_1", "X_2", "X_3", "X_4", "X_5", "X_6", "X_7", "X_8", "X_9", "X_10", "X_11", "X_12", "X_13", "X_14", "X_15", "X_16", "X_17", "X_18", "X_19", "X_20", "X_21", "X_22", "X_23", "X_24", "X_25", "X_26", "X_27", "X_28", "X_29", "X_30", "X_31", "X_32", "X_33", "X_34", "X_35", "X_36", "X_37", "X_38", "X_39", "X_40", "X_41", "X_42", "y"], "accuracy_for_each_tree_on_test_set": [72.72727272727273, 59.09090909090909, 80.95238095238095, 76.19047619047619, 66.66666666666666, 61.904761904761905, 76.19047619047619, 90.47619047619048, 90.47619047619048, 95.23809523809523], "accuracy_for_each_decision_tree_before_correction_on_validation_set_relative_to_the_boosted_tree": [0.9010989010989011, 0.8131868131868132, 0.8571428571428571, 0.8681318681318682, 0.8791208791208791, 0.7912087912087912, 0.8351648351648352, 0.8461538461538461, 0.8571428571428571, 0.8681318681318682], "number_of_nodes_for_each_tree_before_correction": [65, 73, 83, 71, 59, 73, 75, 69, 73, 71], "accuracy_after_retraining_for_each_rule": [[90.10989010989012, 89.01098901098901, 86.81318681318682, 87.91208791208791, 87.91208791208791, 92.3076923076923, 92.3076923076923, 93.4065934065934, 94.5054945054945, 94.5054945054945], [81.31868131868131, 90.10989010989012, 91.20879120879121, 92.3076923076923, 92.3076923076923, 89.01098901098901, 90.10989010989012, 95.6043956043956, 95.6043956043956, 97.8021978021978, 97.8021978021978, 95.6043956043956, 94.5054945054945, 95.6043956043956, 96.7032967032967, 95.6043956043956, 93.4065934065934, 95.6043956043956], [85.71428571428571, 89.01098901098901, 84.61538461538461, 86.81318681318682, 86.81318681318682, 84.61538461538461, 89.01098901098901, 85.71428571428571, 87.91208791208791, 90.10989010989012, 91.20879120879121, 87.91208791208791], [86.81318681318682, 87.91208791208791, 86.81318681318682, 93.4065934065934, 90.10989010989012, 93.4065934065934, 89.01098901098901, 93.4065934065934, 91.20879120879121, 90.10989010989012, 89.01098901098901, 91.20879120879121], [87.91208791208791, 92.3076923076923, 92.3076923076923, 92.3076923076923, 83.51648351648352, 83.51648351648352, 91.20879120879121, 94.5054945054945, 89.01098901098901, 92.3076923076923, 90.10989010989012], [79.12087912087912, 89.01098901098901, 90.10989010989012, 87.91208791208791, 89.01098901098901, 83.51648351648352, 86.81318681318682, 87.91208791208791, 91.20879120879121, 91.20879120879121, 90.10989010989012, 91.20879120879121, 93.4065934065934, 92.3076923076923, 96.7032967032967], [83.51648351648352, 86.81318681318682, 85.71428571428571, 79.12087912087912, 84.61538461538461, 89.01098901098901, 91.20879120879121, 87.91208791208791, 84.61538461538461, 89.01098901098901, 92.3076923076923, 87.91208791208791, 91.20879120879121, 89.01098901098901], [84.61538461538461, 87.91208791208791, 85.71428571428571, 86.81318681318682, 93.4065934065934, 90.10989010989012, 87.91208791208791, 89.01098901098901, 89.01098901098901, 89.01098901098901, 86.81318681318682, 91.20879120879121, 94.5054945054945, 92.3076923076923], [85.71428571428571, 93.4065934065934, 86.81318681318682, 94.5054945054945, 91.20879120879121, 92.3076923076923, 87.91208791208791, 90.10989010989012, 93.4065934065934, 90.10989010989012, 86.81318681318682, 89.01098901098901, 89.01098901098901], [86.81318681318682, 87.91208791208791, 93.4065934065934, 94.5054945054945, 90.10989010989012, 84.61538461538461, 92.3076923076923, 93.4065934065934, 92.3076923076923, 94.5054945054945, 95.6043956043956]], "accuracy_after_rectification_for_each_rule": [[90.10989010989012, 91.20879120879121, 92.3076923076923, 93.4065934065934, 95.6043956043956, 95.6043956043956, 96.7032967032967, 97.8021978021978, 98.9010989010989, 100.0], [81.31868131868131, 84.61538461538461, 85.71428571428571, 86.81318681318682, 87.91208791208791, 89.01098901098901, 91.20879120879121, 92.3076923076923, 92.3076923076923, 92.3076923076923, 93.4065934065934, 93.4065934065934, 94.5054945054945, 95.6043956043956, 96.7032967032967, 98.9010989010989, 98.9010989010989, 100.0], [85.71428571428571, 86.81318681318682, 87.91208791208791, 89.01098901098901, 90.10989010989012, 92.3076923076923, 93.4065934065934, 95.6043956043956, 96.7032967032967, 97.8021978021978, 98.9010989010989, 100.0], [86.81318681318682, 87.91208791208791, 89.01098901098901, 90.10989010989012, 91.20879120879121, 92.3076923076923, 93.4065934065934, 94.5054945054945, 97.8021978021978, 98.9010989010989, 100.0, 100.0], [87.91208791208791, 92.3076923076923, 92.3076923076923, 92.3076923076923, 94.5054945054945, 94.5054945054945, 95.6043956043956, 97.8021978021978, 98.9010989010989, 100.0, 100.0], [79.12087912087912, 80.21978021978022, 82.41758241758241, 83.51648351648352, 86.81318681318682, 87.91208791208791, 91.20879120879121, 92.3076923076923, 92.3076923076923, 94.5054945054945, 96.7032967032967, 96.7032967032967, 97.8021978021978, 100.0, 100.0], [83.51648351648352, 84.61538461538461, 85.71428571428571, 87.91208791208791, 89.01098901098901, 90.10989010989012, 92.3076923076923, 93.4065934065934, 96.7032967032967, 96.7032967032967, 97.8021978021978, 100.0, 100.0, 100.0], [84.61538461538461, 87.91208791208791, 89.01098901098901, 90.10989010989012, 91.20879120879121, 91.20879120879121, 91.20879120879121, 93.4065934065934, 94.5054945054945, 96.7032967032967, 97.8021978021978, 98.9010989010989, 100.0, 100.0], [85.71428571428571, 86.81318681318682, 89.01098901098901, 90.10989010989012, 91.20879120879121, 92.3076923076923, 92.3076923076923, 94.5054945054945, 96.7032967032967, 96.7032967032967, 97.8021978021978, 98.9010989010989, 100.0], [86.81318681318682, 90.10989010989012, 91.20879120879121, 92.3076923076923, 92.3076923076923, 94.5054945054945, 96.7032967032967, 96.7032967032967, 98.9010989010989, 100.0, 100.0]], "number_of_nodes_after_rectification_for_each_rule": [[65, 99, 107, 119, 161, 181, 193, 205, 219, 265], [73, 93, 127, 171, 187, 203, 211, 227, 265, 265, 283, 283, 293, 333, 361, 383, 391, 457], [83, 103, 115, 145, 185, 229, 237, 239, 245, 273, 281, 275], [71, 111, 125, 191, 207, 271, 287, 295, 311, 317, 335, 335], [59, 95, 93, 93, 111, 111, 127, 131, 139, 167, 175], [73, 103, 127, 155, 179, 183, 235, 243, 243, 271, 273, 273, 301, 361, 353], [75, 105, 167, 171, 199, 239, 257, 259, 309, 309, 317, 329, 329, 339], [69, 99, 109, 113, 147, 175, 181, 183, 189, 199, 205, 213, 219, 227], [73, 99, 111, 129, 131, 157, 161, 187, 191, 191, 219, 221, 227], [71, 103, 107, 113, 113, 121, 123, 123, 133, 145, 153]], "number_of_nodes_after_retraining_for_each_rule": [[65, 63, 65, 63, 63, 71, 65, 79, 67, 67], [73, 59, 63, 63, 65, 69, 73, 75, 77, 79, 79, 79, 79, 75, 79, 79, 79, 91], [83, 55, 69, 75, 61, 83, 69, 97, 79, 81, 103, 93], [71, 59, 69, 73, 69, 75, 71, 75, 75, 77, 91, 87], [59, 63, 65, 65, 75, 73, 71, 79, 79, 81, 83], [73, 63, 65, 67, 71, 71, 93, 97, 95, 97, 93, 105, 83, 81, 79], [75, 73, 67, 67, 71, 75, 79, 87, 89, 81, 83, 81, 81, 81], [69, 57, 53, 67, 73, 77, 73, 75, 73, 77, 81, 87, 85, 87], [73, 63, 67, 63, 67, 65, 77, 65, 65, 65, 67, 85, 85], [71, 59, 59, 65, 69, 71, 67, 71, 83, 91, 93]], "depth_after_retraining_for_each_rule": [[8, 9, 8, 8, 8, 8, 8, 8, 8, 8], [9, 8, 9, 9, 10, 10, 8, 10, 10, 10, 11, 9, 10, 10, 9, 10, 9, 8], [9, 7, 8, 7, 9, 13, 8, 13, 9, 9, 13, 11], [8, 7, 8, 8, 7, 9, 8, 11, 11, 11, 11, 10], [7, 7, 8, 8, 10, 10, 12, 12, 9, 9, 9], [8, 9, 9, 7, 7, 8, 13, 12, 13, 13, 13, 13, 10, 10, 10], [11, 8, 7, 7, 9, 9, 9, 8, 10, 8, 9, 9, 8, 9], [7, 8, 8, 9, 10, 10, 8, 8, 8, 8, 8, 14, 14, 15], [8, 8, 8, 9, 9, 9, 8, 8, 8, 8, 8, 10, 10], [8, 7, 8, 8, 8, 7, 7, 7, 13, 13, 13]],