{"dataset name": "../../../../../datasets/divorce", "accuracy_of_the_boosted_tree_on_test_set": 97.22222222222221, "f1_score_of_the_boosted_tree_on_test_set": 97.67441860465118, "accuracy_of_the_boosted_tree_on_validation_set": 98.0392156862745, "columns_of_the_non_binarized_data_set": ["Q1", "Q2", "Q3", "Q4", "Q5", "Q6", "Q7", "Q8", "Q9", "Q10", "Q11", "Q12", "Q13", "Q14", "Q15", "Q16", "Q17", "Q18", "Q19", "Q20", "Q21", "Q22", "Q23", "Q24", "Q25", "Q26", "Q27", "Q28", "Q29", "Q30", "Q31", "Q32", "Q33", "Q34", "Q35", "Q36", "Q37", "Q38", "Q39", "Q40", "Q41", "Q42", "Q43", "Q44", "Q45", "Q46", "Q47", "Q48", "Q49", "Q50", "Q51", "Q52", "Q53", "Q54", "Divorce"], "columns_of_the_binarized_data_set": ["X_1", "X_2", "X_3", "X_4", "X_5", "X_6", "X_7", "X_8", "X_9", "y"], "accuracy_for_each_tree_on_test_set": [100.0, 100.0, 91.66666666666666, 100.0, 100.0, 100.0, 100.0, 100.0, 100.0, 100.0], "f1_score_for_each_tree_on_test_set": [100.0, 100.0, 94.11764705882352, 100.0, 100.0, 100.0, 100.0, 100.0, 100.0, 100.0], "accuracy_for_each_decision_tree_before_correction_on_validation_set_relative_to_the_boosted_tree": [0.9803921568627451, 0.9803921568627451, 0.9803921568627451, 0.9803921568627451, 0.9803921568627451, 0.9803921568627451, 0.9803921568627451, 0.9803921568627451, 0.9803921568627451, 0.9803921568627451], "number_of_nodes_for_each_tree_before_correction": [9, 9, 5, 9, 9, 9, 9, 7, 9, 9], "accuracy_after_retraining_for_each_rule": [[98.0392156862745, 100.0], [98.0392156862745, 100.0], [98.0392156862745, 100.0], [98.0392156862745, 100.0], [98.0392156862745, 100.0], [98.0392156862745, 100.0], [98.0392156862745, 100.0], [98.0392156862745, 96.07843137254902], [98.0392156862745, 100.0], [98.0392156862745, 100.0]], "accuracy_after_rectification_for_each_rule": [[98.0392156862745, 100.0], [98.0392156862745, 100.0], [98.0392156862745, 100.0], [98.0392156862745, 100.0], [98.0392156862745, 100.0], [98.0392156862745, 100.0], [98.0392156862745, 100.0], [98.0392156862745, 100.0], [98.0392156862745, 100.0], [98.0392156862745, 100.0]], "number_of_nodes_after_rectification_for_each_rule": [[9, 17], [9, 15], [5, 13], [9, 15], [9, 17], [9, 17], [9, 17], [7, 15], [9, 17], [9, 17]], "number_of_nodes_after_retraining_for_each_rule": [[9, 11], [9, 9], [5, 7], [9, 7], [9, 9], [9, 11], [9, 9], [7, 7], [9, 11], [9, 11]], "depth_after_retraining_for_each_rule": [[4, 4], [4, 4], [2, 3], [4, 3], [4, 4], [4, 4], [4, 4], [3, 3], [4, 4], [4, 4]], "depth_after_rectification_for_each_rule": [[4, 5], [4, 5], [2, 5], [4, 5], [4, 5], [4, 5], [4, 5], [3, 5], [4, 5], [4, 5]], "time_retraining_for_each_rule": [[0.004995584487915039], [0.00489354133605957], [0.0045528411865234375], [0.004409074783325195], [0.004290580749511719], [0.004799604415893555], [0.004563570022583008], [0.0047817230224609375], [0.0045702457427978516], [0.004477739334106445]], "time_rectification_for_each_rule": [[9.799003601074219e-05], [5.269050598144531e-05], [4.2438507080078125e-05], [4.1961669921875e-05], [4.458427429199219e-05], [4.100799560546875e-05], [4.0531158447265625e-05], [4.00543212890625e-05], [3.910064697265625e-05], [4.00543212890625e-05]], "number_of_different_instances_rectification": [[1, 0], [1, 0], [1, 0], [1, 0], [1, 0], [1, 0], [1, 0], [1, 0], [1, 0], [1, 0]], "number_of_different_instances_retraining": [[1, 0], [1, 0], [1, 0], [1, 0], [1, 0], [1, 0], [1, 0], [1, 2], [1, 0], [1, 0]], "nbinstance_initial": [107, 107, 107, 107, 107, 107, 107, 107, 107, 108], "nbinstance_final": [109, 109, 109, 109, 109, 109, 109, 109, 109, 110], "nbinstaddalltree_for_each_rule": [[2], [2], [2], [2], [2], [2], [2], [2], [2], [2]], "nbinstdeletealltree_for_each_rule": [[0], [0], [0], [0], [0], [0], [0], [0], [0], [0]]}